P_ID,STIMULI,POOL,DEPTH,LOC,ORDER,FIRST,OTH_1,OTH_2,OTH_3,OTH_4,OTH_5,OTH_6,OTH_7,OTH_8,PROP_SAME,FIRST_IT
p004,1,prolific,3,L,f,A,1,1,1,1,1,0,0,0,0.625,I09
p006,3,prolific,2,L,f,A,1,1,1,1,1,1,1,1,1.0,I09
p011,1,prolific,3,L,f,A,0,1,0,0,1,1,0,1,0.5,I09
p012,1,prolific,2,L,f,A,1,1,1,1,1,1,1,1,1.0,I09
p014,2,prolific,3,L,f,A,1,1,1,1,0,0,0,0,0.5,I09
p016,3,prolific,2,L,f,A,1,1,1,1,1,1,1,1,1.0,I09
p028,1,prolific,3,L,f,A,1,1,1,1,1,1,1,1,1.0,I09
p029,2,prolific,2,L,f,A,1,1,1,1,0,0,0,0,0.5,I09
p032,2,prolific,3,L,f,A,1,1,1,1,1,1,1,1,1.0,I09
p034,1,prolific,2,L,f,A,1,1,1,1,1,1,1,0,0.875,I09
p038,4,prolific,3,L,f,A,0,0,0,0,0,0,0,0,0.0,I09
p040,2,prolific,2,L,f,A,1,1,1,1,1,1,1,1,1.0,I09
p048,3,prolific,2,L,f,A,1,1,1,1,1,1,1,1,1.0,I09
p051,4,prolific,3,L,f,A,1,1,1,1,1,1,1,1,1.0,I09
p052,1,prolific,2,L,f,A,1,1,1,1,1,1,1,1,1.0,I09
p057,2,prolific,3,L,f,A,1,1,1,1,1,1,1,1,1.0,I09
p058,3,prolific,2,L,f,A,1,1,1,1,1,1,1,1,1.0,I09
p059,4,prolific,2,L,f,A,1,1,1,1,1,1,1,1,1.0,I09
p067,1,prolific,2,L,f,A,1,1,1,1,1,1,1,1,1.0,I09
p068,4,prolific,3,L,f,A,1,1,1,1,1,1,1,1,1.0,I09
p070,2,prolific,3,L,f,A,1,1,1,1,1,1,1,1,1.0,I09
p074,3,prolific,3,L,f,A,1,1,1,1,1,1,1,1,1.0,I09
p078,2,prolific,2,L,f,A,1,1,1,1,1,1,1,1,1.0,I09
p083,2,prolific,2,L,f,A,1,0,0,0,0,0,0,0,0.125,I09
p086,2,prolific,3,L,f,A,1,1,1,1,0,0,0,0,0.5,I09
p088,4,prolific,2,L,f,A,1,0,0,0,0,0,0,0,0.125,I09
p092,1,prolific,3,L,f,A,1,1,1,1,1,1,1,1,1.0,I09
p096,4,prolific,3,L,f,A,1,0,0,0,0,0,0,0,0.125,I09
p099,3,prolific,2,L,f,A,1,1,0,0,0,0,0,0,0.25,I09
p101,3,prolific,3,L,f,A,1,1,1,1,1,1,1,1,1.0,I09
p104,4,prolific,2,L,f,A,1,1,1,1,1,1,1,1,1.0,I09
p107,2,prolific,3,L,f,A,1,1,1,1,1,1,0,0,0.75,I09
p113,4,prolific,3,L,f,A,1,0,0,0,0,0,0,0,0.125,I09
p115,2,prolific,2,L,f,A,1,1,1,1,1,1,1,1,1.0,I09
p118,1,prolific,3,L,f,A,1,1,1,1,1,1,1,0,0.875,I09
p120,2,prolific,2,L,f,A,1,0,1,0,0,0,0,0,0.25,I09
p121,4,prolific,3,L,f,A,1,1,1,1,1,1,1,1,1.0,I09
p124,1,prolific,2,L,f,A,1,1,1,1,1,1,1,1,1.0,I09
p126,3,prolific,3,L,f,A,1,1,1,1,1,1,1,1,1.0,I09
p130,2,prolific,2,L,f,A,1,1,1,1,1,1,0,0,0.75,I09
p133,4,prolific,3,L,f,A,1,1,1,1,1,1,1,0,0.875,I09
p134,4,prolific,2,L,f,A,1,1,1,1,1,0,0,0,0.625,I09
p139,2,prolific,3,L,f,A,1,1,1,1,1,1,1,1,1.0,I09
p143,2,prolific,3,L,f,A,1,0,1,0,0,0,0,0,0.25,I09
p148,1,prolific,3,L,f,A,1,1,1,1,1,1,1,1,1.0,I09
p152,4,prolific,3,L,f,A,1,1,1,1,1,1,1,0,0.875,I09
p153,3,prolific,2,L,f,A,1,1,1,1,1,1,1,1,1.0,I09
p155,2,prolific,2,L,f,A,1,1,1,1,1,1,1,0,0.875,I09
r006,1,rep,3,L,f,A,1,1,1,1,1,1,1,0,0.875,I09
r012,1,rep,2,L,f,A,1,1,1,1,1,1,1,1,1.0,I09
r013,1,rep,3,L,f,B,0,0,0,0,0,0,0,0,0.0,I09
r016,2,rep,2,L,f,X,1,1,1,1,1,1,0,1,0.875,I09
r020,2,rep,2,L,f,A,1,1,1,1,1,1,0,0,0.75,I09
r024,1,rep,3,L,f,A,1,1,1,1,1,1,1,1,1.0,I09
r026,2,rep,2,L,f,A,1,0,0,0,0,0,0,0,0.125,I09
r029,1,rep,2,L,f,A,1,1,1,1,1,1,1,1,1.0,I09
r030,1,rep,3,L,f,A,1,1,1,1,1,1,1,1,1.0,I09
r033,1,rep,3,L,f,B,0,1,0,0,1,1,0,1,0.5,I09
r036,2,rep,2,L,f,A,0,0,0,0,0,0,0,0,0.0,I09
r040,2,rep,3,L,f,A,1,1,1,1,1,1,1,1,1.0,I09
r044,2,rep,2,L,f,A,1,1,1,1,0,0,0,0,0.5,I09
r045,2,rep,2,L,f,A,1,1,1,0,0,0,0,0,0.375,I09
r060,3,rep,3,L,f,A,1,1,1,1,1,1,1,1,1.0,I09
r062,2,rep,2,L,f,A,0,0,0,0,0,0,0,0,0.0,I09
r065,1,rep,3,L,f,A,1,1,1,1,1,1,1,1,1.0,I09
r069,1,rep,3,L,f,A,1,1,1,1,1,1,1,1,1.0,I09
r070,2,rep,2,L,f,A,1,1,1,1,1,1,1,0,0.875,I09
r071,1,rep,3,L,f,B,1,1,1,0,0,0,0,0,0.375,I09
r072,2,rep,2,L,f,X,1,1,1,1,1,1,1,1,1.0,I09
p004,4,prolific,2,L,m,A,1,0,1,0,0,0,0,0,0.25,I13
p005,1,prolific,3,L,m,A,1,1,1,1,1,1,1,1,1.0,I13
p007,2,prolific,3,L,m,X,1,1,1,1,1,1,1,1,1.0,I13
p011,4,prolific,2,L,m,A,1,1,1,1,1,1,1,0,0.875,I13
p014,4,prolific,2,L,m,A,1,1,1,1,1,1,1,1,1.0,I13
p015,2,prolific,3,L,m,A,1,1,1,1,1,1,1,1,1.0,I13
p019,1,prolific,3,L,m,A,0,0,0,0,0,0,0,0,0.0,I13
p023,1,prolific,3,L,m,A,1,1,1,1,1,1,1,0,0.875,I13
p027,3,prolific,3,L,m,A,1,1,1,1,1,1,1,1,1.0,I13
p028,3,prolific,2,L,m,A,1,1,1,1,1,1,1,1,1.0,I13
p031,4,prolific,3,L,m,A,1,1,1,1,1,1,1,0,0.875,I13
p032,4,prolific,2,L,m,A,1,1,1,1,1,1,1,1,1.0,I13
p038,3,prolific,2,L,m,A,1,1,1,1,1,1,1,1,1.0,I13
p039,1,prolific,3,L,m,A,1,1,1,1,1,1,1,1,1.0,I13
p047,4,prolific,3,L,m,X,1,1,1,1,1,1,0,0,0.75,I13
p051,3,prolific,2,L,m,A,1,1,1,1,1,1,1,1,1.0,I13
p055,4,prolific,3,L,m,B,0,0,1,1,1,1,1,1,0.75,I13
p057,3,prolific,2,L,m,A,1,1,1,1,1,1,1,1,1.0,I13
p060,2,prolific,3,L,m,X,0,0,0,1,1,0,0,0,0.25,I13
p065,2,prolific,3,L,m,A,1,1,1,1,1,1,1,1,1.0,I13
p068,1,prolific,2,L,m,X,1,1,1,1,1,1,1,1,1.0,I13
p070,3,prolific,2,L,m,A,1,1,1,1,1,1,1,1,1.0,I13
p072,4,prolific,3,L,m,X,1,1,1,1,1,1,1,1,1.0,I13
p074,4,prolific,2,L,m,X,0,0,1,1,1,1,1,0,0.625,I13
p077,1,prolific,3,L,m,X,1,1,1,1,1,1,0,0,0.75,I13
p080,1,prolific,3,L,m,B,0,0,1,0,1,1,1,1,0.625,I13
p086,4,prolific,2,L,m,A,1,1,1,1,0,0,0,0,0.5,I13
p087,2,prolific,3,L,m,X,0,0,0,0,1,1,0,0,0.25,I13
p092,4,prolific,2,L,m,B,1,0,1,1,1,1,1,1,0.875,I13
p093,1,prolific,3,L,m,X,1,0,0,1,1,1,0,0,0.5,I13
p096,2,prolific,2,L,m,X,0,0,1,1,1,1,1,1,0.75,I13
p101,2,prolific,2,L,m,X,0,1,1,1,1,1,0,0,0.625,I13
p103,1,prolific,3,L,m,A,1,1,1,1,1,1,1,1,1.0,I13
p107,4,prolific,2,L,m,A,1,1,1,1,1,1,0,0,0.75,I13
p110,4,prolific,3,L,m,B,0,1,1,1,1,1,1,1,0.875,I13
p113,1,prolific,2,L,m,A,1,1,1,1,1,1,1,1,1.0,I13
p114,4,prolific,3,L,m,A,1,1,1,1,1,1,0,0,0.75,I13
p118,2,prolific,2,L,m,A,1,1,1,1,1,1,1,1,1.0,I13
p119,1,prolific,3,L,m,A,1,1,1,1,1,1,1,1,1.0,I13
p121,1,prolific,2,L,m,A,1,1,1,1,1,1,1,1,1.0,I13
p123,1,prolific,3,L,m,A,1,1,1,1,1,1,1,1,1.0,I13
p126,2,prolific,2,L,m,X,1,1,1,1,1,1,1,1,1.0,I13
p128,1,prolific,3,L,m,A,1,1,1,1,1,1,1,1,1.0,I13
p133,1,prolific,2,L,m,A,1,1,1,1,1,0,0,0,0.625,I13
p135,1,prolific,3,L,m,A,1,1,1,1,1,1,0,0,0.75,I13
p139,4,prolific,2,L,m,A,1,1,1,1,1,1,1,1,1.0,I13
p143,3,prolific,2,L,m,A,1,1,1,1,1,1,1,1,1.0,I13
p144,3,prolific,3,L,m,A,1,1,1,1,1,1,1,1,1.0,I13
p148,2,prolific,2,L,m,A,1,1,1,1,1,1,1,1,1.0,I13
p149,4,prolific,3,L,m,A,1,1,1,1,1,1,1,0,0.875,I13
p152,3,prolific,2,L,m,X,1,1,1,1,1,1,1,1,1.0,I13
p154,4,prolific,3,L,m,A,1,1,1,1,1,1,1,1,1.0,I13
r006,2,rep,2,L,m,X,0,1,1,1,1,1,1,0,0.75,I13
r007,4,rep,3,L,m,A,1,1,1,1,0,1,1,1,0.875,I13
r013,2,rep,2,L,m,A,1,1,1,1,0,0,0,0,0.5,I13
r014,4,rep,3,L,m,A,1,1,1,0,0,0,0,0,0.375,I13
r019,4,rep,3,L,m,B,0,1,1,1,1,1,1,1,0.875,I13
r024,2,rep,2,L,m,X,0,1,1,1,1,1,1,0,0.75,I13
r025,4,rep,3,L,m,A,1,1,1,1,1,1,0,0,0.75,I13
r030,2,rep,2,L,m,X,1,1,1,1,1,1,0,0,0.75,I13
r033,2,rep,2,L,m,X,1,1,1,1,1,1,1,1,1.0,I13
r035,4,rep,3,L,m,A,1,1,1,1,1,1,1,1,1.0,I13
r039,4,rep,3,L,m,A,1,1,1,1,1,1,1,1,1.0,I13
r040,3,rep,2,L,m,A,1,0,0,1,0,0,0,0,0.25,I13
r048,4,rep,3,L,m,A,1,1,0,1,0,0,0,0,0.375,I13
r053,2,rep,3,L,m,X,0,0,1,1,1,1,1,1,0.75,I13
r057,4,rep,3,L,m,A,1,1,1,1,1,1,1,1,1.0,I13
r060,1,rep,2,L,m,A,1,1,1,1,1,1,1,1,1.0,I13
r061,2,rep,3,L,m,X,0,1,1,1,1,0,1,0,0.625,I13
r065,2,rep,2,L,m,X,0,1,1,1,1,1,1,1,0.875,I13
r069,2,rep,2,L,m,X,0,0,1,1,1,1,1,1,0.75,I13
r071,2,rep,2,L,m,X,0,0,1,1,1,0,1,0,0.5,I13
r074,4,rep,3,L,m,A,1,1,1,0,0,0,0,0,0.375,I13
r079,4,rep,3,L,m,A,1,1,0,1,1,0,1,1,0.75,I13
r081,4,rep,3,L,m,A,1,0,0,0,0,0,1,1,0.375,I13
p002,3,prolific,3,L,b,B,0,0,0,0,1,1,1,1,0.5,I17
p005,4,prolific,2,L,b,B,1,1,1,1,1,1,1,1,1.0,I17
p007,1,prolific,2,L,b,A,1,1,1,1,1,1,1,1,1.0,I17
p008,3,prolific,3,L,b,B,0,0,0,0,1,1,1,1,0.5,I17
p015,1,prolific,2,L,b,B,0,0,0,0,0,0,0,0,0.0,I17
p019,3,prolific,2,L,b,X,1,1,1,1,1,1,1,1,1.0,I17
p020,4,prolific,3,L,b,B,0,1,1,1,1,1,1,1,0.875,I17
p023,4,prolific,2,L,b,B,0,1,1,1,1,1,1,1,0.875,I17
p024,2,prolific,3,L,b,A,1,0,0,1,0,1,1,1,0.625,I17
p027,4,prolific,2,L,b,B,0,0,0,0,0,0,0,0,0.0,I17
p031,1,prolific,2,L,b,A,1,1,1,1,1,1,1,1,1.0,I17
p035,2,prolific,3,L,b,B,0,0,0,0,0,0,0,1,0.125,I17
p039,2,prolific,2,L,b,X,0,0,1,1,1,1,1,1,0.75,I17
p041,4,prolific,3,L,b,X,1,1,1,1,1,1,1,1,1.0,I17
p045,4,prolific,3,L,b,B,0,0,0,0,0,0,0,0,0.0,I17
p047,1,prolific,2,L,b,X,0,0,0,0,0,0,0,0,0.0,I17
p053,2,prolific,3,L,b,B,0,0,0,0,1,1,1,1,0.5,I17
p055,2,prolific,2,L,b,B,0,0,0,0,0,0,0,1,0.125,I17
p060,3,prolific,2,L,b,X,0,0,1,1,1,1,1,1,0.75,I17
p061,1,prolific,3,L,b,X,0,0,0,0,0,1,1,1,0.375,I17
p062,2,prolific,3,L,b,X,0,0,0,0,1,1,1,1,0.5,I17
p065,4,prolific,2,L,b,X,0,0,1,1,1,1,1,1,0.75,I17
p069,2,prolific,3,L,b,X,0,1,0,1,1,1,1,1,0.75,I17
p072,1,prolific,2,L,b,X,0,0,0,0,0,0,0,1,0.125,I17
p077,3,prolific,2,L,b,X,0,1,1,1,1,1,1,1,0.875,I17
p079,3,prolific,3,L,b,B,0,0,0,1,0,0,0,0,0.125,I17
p080,3,prolific,2,L,b,X,0,0,0,0,1,1,1,1,0.5,I17
p087,1,prolific,2,L,b,X,0,0,0,0,0,0,0,1,0.125,I17
p089,1,prolific,3,L,b,B,0,0,0,0,0,0,0,1,0.125,I17
p093,3,prolific,2,L,b,A,1,1,1,1,1,1,1,1,1.0,I17
p095,2,prolific,3,L,b,B,0,1,1,1,1,1,1,1,0.875,I17
p103,3,prolific,2,L,b,X,0,0,1,1,1,1,1,1,0.75,I17
p105,4,prolific,3,L,b,X,1,1,1,1,1,1,1,1,1.0,I17
p110,1,prolific,2,L,b,B,0,1,1,1,1,1,1,1,0.875,I17
p112,1,prolific,3,L,b,A,1,1,1,1,1,1,1,1,1.0,I17
p114,2,prolific,2,L,b,B,0,0,0,0,0,0,0,0,0.0,I17
p116,4,prolific,3,L,b,B,1,0,1,1,0,0,0,0,0.375,I17
p119,4,prolific,2,L,b,B,0,0,0,0,0,0,0,0,0.0,I17
p122,3,prolific,3,L,b,B,0,0,0,0,1,1,1,1,0.5,I17
p123,2,prolific,2,L,b,B,0,1,0,0,0,0,1,1,0.375,I17
p125,3,prolific,3,L,b,A,1,1,1,1,1,1,1,1,1.0,I17
p128,2,prolific,2,L,b,B,0,0,0,0,0,1,1,1,0.375,I17
p129,4,prolific,3,L,b,B,0,0,1,1,1,1,1,1,0.75,I17
p135,3,prolific,2,L,b,X,0,1,1,1,1,1,1,1,0.875,I17
p136,3,prolific,3,L,b,X,0,0,1,1,1,1,1,1,0.75,I17
p141,1,prolific,3,L,b,X,0,0,1,1,1,1,1,1,0.75,I17
p144,2,prolific,2,L,b,X,0,0,0,1,1,1,1,1,0.625,I17
p145,4,prolific,3,L,b,X,0,1,1,1,1,1,1,1,0.875,I17
p149,2,prolific,2,L,b,X,0,0,1,1,1,1,1,1,0.75,I17
p150,2,prolific,3,L,b,B,0,0,0,0,0,0,0,1,0.125,I17
p154,3,prolific,2,L,b,A,1,1,1,1,1,1,1,1,1.0,I17
p156,4,prolific,3,L,b,X,0,0,1,1,1,1,1,1,0.75,I17
r007,2,rep,2,L,b,B,0,0,1,1,1,1,1,0,0.625,I17
r014,2,rep,2,L,b,B,0,0,0,1,1,1,1,1,0.625,I17
r015,1,rep,3,L,b,A,1,1,1,1,1,1,1,1,1.0,I17
r019,2,rep,2,L,b,B,0,0,0,0,0,1,1,1,0.375,I17
r022,1,rep,3,L,b,A,1,1,1,1,1,1,1,1,1.0,I17
r025,2,rep,2,L,b,B,0,0,0,0,1,1,1,1,0.5,I17
r032,3,rep,3,L,b,B,0,0,0,0,0,0,0,1,0.125,I17
r035,2,rep,2,L,b,X,0,1,0,1,1,1,1,1,0.75,I17
r037,1,rep,3,L,b,X,0,0,0,1,1,1,1,1,0.625,I17
r039,2,rep,2,L,b,B,0,0,0,0,0,0,1,1,0.25,I17
r042,1,rep,3,L,b,X,0,0,0,0,0,0,0,1,0.125,I17
r046,3,rep,3,L,b,X,0,0,1,1,1,0,0,1,0.5,I17
r048,2,rep,2,L,b,B,0,0,0,0,0,1,1,1,0.375,I17
r049,1,rep,3,L,b,A,1,1,1,1,1,1,1,1,1.0,I17
r053,1,rep,2,L,b,A,1,1,1,1,1,1,1,1,1.0,I17
r054,1,rep,3,L,b,A,1,1,1,1,1,1,1,1,1.0,I17
r057,2,rep,2,L,b,B,0,0,0,0,0,0,0,0,0.0,I17
r058,3,rep,3,L,b,B,0,0,0,1,1,1,1,1,0.625,I17
r061,4,rep,2,L,b,B,0,1,1,1,1,1,1,1,0.875,I17
r063,1,rep,3,L,b,X,0,0,0,0,1,1,0,0,0.25,I17
r067,3,rep,3,L,b,X,0,0,1,1,0,1,1,1,0.625,I17
r074,2,rep,2,L,b,X,0,0,1,1,1,1,1,1,0.75,I17
r077,1,rep,3,L,b,A,1,1,1,1,1,1,1,1,1.0,I17
r078,1,rep,3,L,b,A,1,1,1,1,1,1,1,1,1.0,I17
r079,2,rep,2,L,b,B,0,0,0,0,0,1,1,1,0.375,I17
r081,2,rep,2,L,b,X,0,1,1,1,1,1,1,1,0.875,I17
p001,4,prolific,3,C,f,A,1,1,1,1,1,1,1,1,1.0,I12
p003,4,prolific,2,C,f,A,1,1,1,1,0,0,0,0,0.5,I12
p010,4,prolific,3,C,f,A,1,1,1,0,0,0,0,0,0.375,I12
p013,2,prolific,2,C,f,A,0,0,0,0,0,0,0,0,0.0,I12
p017,1,prolific,2,C,f,A,1,1,1,1,1,1,1,1,1.0,I12
p021,3,prolific,2,C,f,A,1,0,1,0,0,0,0,0,0.25,I12
p025,2,prolific,3,C,f,B,1,1,1,1,1,1,1,1,1.0,I12
p030,4,prolific,3,C,f,A,1,1,1,1,1,1,1,1,1.0,I12
p033,1,prolific,2,C,f,X,0,1,1,1,1,1,1,1,0.875,I12
p036,3,prolific,3,C,f,A,1,1,1,1,1,1,1,1,1.0,I12
p037,3,prolific,2,C,f,X,1,1,1,1,1,1,0,0,0.75,I12
p042,1,prolific,2,C,f,A,1,1,1,1,1,1,1,1,1.0,I12
p043,2,prolific,3,C,f,X,1,1,1,1,0,0,0,0,0.5,I12
p044,2,prolific,3,C,f,X,1,1,1,1,1,1,1,1,1.0,I12
p049,2,prolific,2,C,f,X,1,1,1,1,0,0,0,0,0.5,I12
p050,2,prolific,3,C,f,A,1,1,1,1,0,0,0,0,0.5,I12
p054,1,prolific,2,C,f,A,1,1,1,1,1,0,0,0,0.625,I12
p063,4,prolific,3,C,f,A,0,0,0,0,0,0,0,0,0.0,I12
p064,3,prolific,3,C,f,A,1,1,1,1,1,1,1,1,1.0,I12
p066,1,prolific,2,C,f,A,1,1,1,1,1,1,1,1,1.0,I12
p075,4,prolific,2,C,f,X,1,1,1,1,1,0,1,0,0.75,I12
p076,3,prolific,3,C,f,X,1,1,1,1,1,1,1,1,1.0,I12
p082,4,prolific,3,C,f,A,1,1,1,1,1,1,0,0,0.75,I12
p084,4,prolific,3,C,f,A,1,1,1,1,1,1,0,0,0.75,I12
p085,2,prolific,2,C,f,B,1,1,1,1,1,1,1,1,1.0,I12
p090,1,prolific,2,C,f,A,1,1,1,1,1,0,0,0,0.625,I12
p091,2,prolific,3,C,f,A,1,0,0,0,0,0,0,0,0.125,I12
p097,3,prolific,2,C,f,A,1,1,1,1,1,1,1,1,1.0,I12
p098,1,prolific,3,C,f,A,1,1,0,0,0,0,0,0,0.25,I12
p100,3,prolific,3,C,f,A,1,1,1,1,1,1,1,1,1.0,I12
p102,1,prolific,2,C,f,A,1,1,1,1,0,0,0,0,0.5,I12
p106,3,prolific,2,C,f,X,1,1,1,1,1,1,1,1,1.0,I12
p109,2,prolific,3,C,f,X,1,1,1,1,1,1,1,1,1.0,I12
p111,2,prolific,3,C,f,X,1,1,1,1,1,1,1,0,0.875,I12
p117,4,prolific,3,C,f,X,1,1,1,1,1,1,1,0,0.875,I12
p127,2,prolific,2,C,f,X,1,1,1,1,0,0,0,0,0.5,I12
p131,2,prolific,3,C,f,A,1,1,0,0,0,0,0,0,0.25,I12
p132,2,prolific,2,C,f,X,1,1,1,1,1,1,1,0,0.875,I12
p137,4,prolific,3,C,f,A,1,1,1,1,1,1,1,1,1.0,I12
p138,2,prolific,2,C,f,A,0,0,0,0,0,0,0,0,0.0,I12
p140,2,prolific,3,C,f,B,1,1,0,0,0,0,0,1,0.375,I12
p142,3,prolific,2,C,f,A,1,1,1,1,0,0,0,0,0.5,I12
p146,1,prolific,3,C,f,A,1,1,1,1,0,0,0,0,0.5,I12
p147,1,prolific,2,C,f,A,1,0,0,0,0,0,0,0,0.125,I12
p151,2,prolific,3,C,f,A,1,0,0,0,0,0,0,0,0.125,I12
p157,4,prolific,3,C,f,X,1,1,1,1,1,0,0,0,0.625,I12
r001,2,rep,2,C,f,A,0,0,0,0,0,0,0,0,0.0,I12
r002,2,rep,2,C,f,X,1,1,1,1,1,1,0,0,0.75,I12
r003,2,rep,2,C,f,X,1,1,1,1,1,0,0,0,0.625,I12
r004,1,rep,3,C,f,A,1,1,1,1,1,0,0,0,0.625,I12
r005,2,rep,2,C,f,X,1,1,1,0,1,0,0,0,0.5,I12
r009,1,rep,3,C,f,A,1,1,1,1,1,1,0,0,0.75,I12
r010,1,rep,2,C,f,A,1,1,1,1,1,1,1,0,0.875,I12
r011,1,rep,2,C,f,A,1,1,1,0,0,0,0,0,0.375,I12
r018,1,rep,3,C,f,A,1,1,1,1,1,1,0,0,0.75,I12
r021,1,rep,3,C,f,A,1,1,1,1,0,0,0,0,0.5,I12
r023,2,rep,2,C,f,X,1,1,0,0,0,0,0,0,0.25,I12
r027,1,rep,3,C,f,X,1,1,1,1,1,1,1,1,1.0,I12
r028,2,rep,2,C,f,X,1,1,1,1,0,0,0,0,0.5,I12
r031,1,rep,3,C,f,A,1,1,1,1,1,1,0,0,0.75,I12
r034,2,rep,2,C,f,A,1,1,1,1,1,1,1,1,1.0,I12
r038,3,rep,2,C,f,A,1,1,1,1,0,0,0,0,0.5,I12
r043,1,rep,2,C,f,A,1,1,1,1,0,0,0,0,0.5,I12
r047,1,rep,3,C,f,A,1,1,1,1,0,0,0,0,0.5,I12
r050,1,rep,3,C,f,A,1,1,1,1,1,1,1,1,1.0,I12
r052,2,rep,2,C,f,X,1,1,1,1,1,0,0,0,0.625,I12
r055,2,rep,2,C,f,X,1,1,1,1,1,1,1,0,0.875,I12
r056,1,rep,3,C,f,A,1,1,1,1,1,1,0,0,0.75,I12
r059,2,rep,2,C,f,X,1,0,0,0,0,0,0,0,0.125,I12
r066,3,rep,3,C,f,A,1,1,1,1,0,0,0,0,0.5,I12
r068,2,rep,2,C,f,X,1,0,0,0,0,0,0,0,0.125,I12
r073,3,rep,3,C,f,A,1,1,1,1,1,1,1,1,1.0,I12
r075,2,rep,2,C,f,A,1,1,1,1,0,0,0,0,0.5,I12
r080,1,rep,3,C,f,B,1,0,0,0,1,0,1,1,0.5,I12
p002,2,prolific,2,C,m,X,1,1,1,1,1,1,0,1,0.875,I16
p003,2,prolific,3,C,m,B,1,1,1,1,1,1,1,1,1.0,I16
p008,2,prolific,2,C,m,A,0,1,0,0,0,0,0,0,0.125,I16
p013,4,prolific,3,C,m,X,1,1,1,1,1,1,0,0,0.75,I16
p017,2,prolific,3,C,m,X,1,1,1,1,0,1,0,0,0.625,I16
p020,1,prolific,2,C,m,X,1,1,1,1,1,1,1,1,1.0,I16
p021,1,prolific,3,C,m,B,1,1,1,1,1,1,0,0,0.75,I16
p024,4,prolific,2,C,m,X,0,1,1,1,1,1,0,0,0.625,I16
p033,3,prolific,3,C,m,B,1,1,1,1,1,1,1,1,1.0,I16
p035,3,prolific,2,C,m,B,0,0,1,0,0,0,1,0,0.25,I16
p037,1,prolific,3,C,m,B,0,1,1,1,1,1,1,1,0.875,I16
p041,1,prolific,2,C,m,X,1,1,1,1,1,1,1,1,1.0,I16
p042,2,prolific,3,C,m,B,1,1,1,1,1,1,1,1,1.0,I16
p045,1,prolific,2,C,m,B,0,0,0,0,1,1,1,1,0.5,I16
p049,1,prolific,3,C,m,B,0,0,0,0,0,0,0,0,0.0,I16
p053,4,prolific,2,C,m,B,1,1,1,1,1,1,1,1,1.0,I16
p054,3,prolific,3,C,m,A,1,1,1,1,1,1,1,1,1.0,I16
p061,3,prolific,2,C,m,X,1,1,1,1,1,1,0,0,0.75,I16
p062,1,prolific,2,C,m,A,1,1,1,1,1,0,0,0,0.625,I16
p066,3,prolific,3,C,m,B,1,1,1,1,1,1,1,1,1.0,I16
p069,1,prolific,2,C,m,X,1,1,1,1,1,1,1,1,1.0,I16
p075,3,prolific,3,C,m,X,1,0,0,0,0,0,0,0,0.125,I16
p079,2,prolific,2,C,m,X,1,1,1,1,1,1,1,1,1.0,I16
p085,4,prolific,3,C,m,X,0,1,1,1,1,0,0,0,0.5,I16
p089,3,prolific,2,C,m,X,1,1,1,1,1,1,1,0,0.875,I16
p090,2,prolific,3,C,m,B,1,0,1,1,1,1,1,1,0.875,I16
p095,3,prolific,2,C,m,A,1,1,1,1,1,1,0,0,0.75,I16
p097,1,prolific,3,C,m,A,1,1,1,1,1,1,0,0,0.75,I16
p102,2,prolific,3,C,m,X,1,1,1,1,1,1,0,0,0.75,I16
p105,1,prolific,2,C,m,X,1,1,1,1,1,1,1,1,1.0,I16
p106,4,prolific,3,C,m,B,0,1,1,1,1,1,1,1,0.875,I16
p112,3,prolific,2,C,m,A,1,1,1,1,1,1,1,1,1.0,I16
p116,1,prolific,2,C,m,B,0,0,0,1,0,0,1,1,0.375,I16
p122,4,prolific,2,C,m,A,1,0,0,0,0,0,0,0,0.125,I16
p125,1,prolific,2,C,m,A,1,1,1,1,1,1,0,0,0.75,I16
p127,4,prolific,3,C,m,B,0,0,1,1,1,1,1,1,0.75,I16
p129,1,prolific,2,C,m,X,0,0,0,1,1,1,1,1,0.625,I16
p132,1,prolific,3,C,m,A,1,1,1,1,1,0,0,0,0.625,I16
p136,2,prolific,2,C,m,X,1,1,1,1,1,1,0,0,0.75,I16
p138,4,prolific,3,C,m,A,1,0,0,1,0,0,0,0,0.25,I16
p141,4,prolific,2,C,m,X,1,1,1,1,1,1,1,1,1.0,I16
p142,1,prolific,3,C,m,A,1,1,1,1,1,1,1,0,0.875,I16
p145,2,prolific,2,C,m,X,1,1,1,1,1,1,0,1,0.875,I16
p147,2,prolific,3,C,m,A,0,0,0,1,1,1,1,1,0.625,I16
p150,3,prolific,2,C,m,A,1,1,1,1,1,0,0,0,0.625,I16
p156,3,prolific,2,C,m,X,1,1,1,1,1,1,1,1,1.0,I16
r001,4,rep,3,C,m,B,1,1,1,1,1,1,1,1,1.0,I16
r002,4,rep,3,C,m,X,0,1,1,1,1,1,1,0,0.75,I16
r003,4,rep,3,C,m,B,1,1,1,1,1,1,1,1,1.0,I16
r005,4,rep,3,C,m,B,0,1,1,1,1,1,1,1,0.875,I16
r010,2,rep,3,C,m,B,1,1,1,1,1,1,1,1,1.0,I16
r011,2,rep,3,C,m,X,1,1,1,1,1,0,0,0,0.625,I16
r015,2,rep,2,C,m,B,0,0,1,1,1,1,1,1,0.75,I16
r022,2,rep,2,C,m,B,0,0,1,1,1,1,1,1,0.75,I16
r023,4,rep,3,C,m,B,1,1,1,1,1,1,1,1,1.0,I16
r028,4,rep,3,C,m,B,1,1,1,1,1,1,1,1,1.0,I16
r032,4,rep,2,C,m,X,1,1,1,1,1,1,1,1,1.0,I16
r034,3,rep,3,C,m,B,0,0,0,1,1,1,1,1,0.625,I16
r037,2,rep,2,C,m,X,1,1,1,1,1,1,1,0,0.875,I16
r038,2,rep,3,C,m,B,0,0,1,1,1,1,1,1,0.75,I16
r042,2,rep,2,C,m,B,0,0,1,1,1,1,1,1,0.75,I16
r043,2,rep,3,C,m,X,1,1,1,1,1,1,1,1,1.0,I16
r046,1,rep,2,C,m,A,1,1,1,1,1,1,0,0,0.75,I16
r049,2,rep,2,C,m,B,0,0,0,0,0,1,1,1,0.375,I16
r052,4,rep,3,C,m,A,1,1,1,1,1,1,1,1,1.0,I16
r054,3,rep,2,C,m,X,1,1,1,1,1,1,1,1,1.0,I16
r055,4,rep,3,C,m,X,0,1,1,1,1,1,1,1,0.875,I16
r058,4,rep,2,C,m,B,1,1,1,1,1,1,1,1,1.0,I16
r059,4,rep,3,C,m,X,1,1,1,1,1,1,1,1,1.0,I16
r063,2,rep,2,C,m,B,0,0,1,1,1,1,0,1,0.625,I16
r067,1,rep,2,C,m,X,1,1,1,1,1,1,1,1,1.0,I16
r068,4,rep,3,C,m,B,1,1,1,1,1,1,1,1,1.0,I16
r075,4,rep,3,C,m,X,0,1,1,1,1,1,1,1,0.875,I16
r077,2,rep,2,C,m,X,1,1,1,1,1,1,1,1,1.0,I16
r078,2,rep,2,C,m,X,1,1,1,1,1,1,1,1,1.0,I16
p001,3,prolific,2,C,b,B,1,1,1,1,1,1,1,1,1.0,I20
p006,4,prolific,3,C,b,X,1,1,1,1,1,1,1,1,1.0,I20
p010,3,prolific,2,C,b,X,1,1,1,1,1,1,1,1,1.0,I20
p012,2,prolific,3,C,b,A,0,0,0,0,0,0,0,0,0.0,I20
p016,4,prolific,3,C,b,A,1,1,1,1,1,1,1,1,1.0,I20
p025,1,prolific,2,C,b,X,0,0,0,0,0,1,1,1,0.375,I20
p029,1,prolific,3,C,b,X,0,0,0,0,0,0,1,1,0.25,I20
p030,3,prolific,2,C,b,X,0,0,0,0,0,0,0,0,0.0,I20
p034,3,prolific,3,C,b,B,1,1,1,1,1,1,1,1,1.0,I20
p036,2,prolific,2,C,b,B,0,1,1,1,1,1,1,1,0.875,I20
p040,1,prolific,3,C,b,B,0,0,0,0,0,0,1,1,0.25,I20
p043,3,prolific,2,C,b,B,0,0,0,0,1,1,1,1,0.5,I20
p044,4,prolific,2,C,b,B,1,1,1,1,1,1,1,1,1.0,I20
p048,2,prolific,3,C,b,B,0,0,0,0,1,1,1,1,0.5,I20
p050,4,prolific,2,C,b,B,1,1,1,1,1,1,1,1,1.0,I20
p052,3,prolific,3,C,b,B,0,0,0,0,1,1,1,1,0.5,I20
p058,1,prolific,3,C,b,B,0,1,1,1,1,1,1,1,0.875,I20
p059,1,prolific,3,C,b,A,0,0,0,0,1,0,0,0,0.125,I20
p063,3,prolific,2,C,b,X,0,0,0,0,1,1,1,1,0.5,I20
p064,2,prolific,2,C,b,B,0,0,0,0,0,1,1,1,0.375,I20
p067,3,prolific,3,C,b,B,0,0,0,0,0,0,0,0,0.0,I20
p076,4,prolific,2,C,b,B,1,1,1,1,1,1,1,1,1.0,I20
p078,4,prolific,3,C,b,B,1,1,1,1,1,1,1,1,1.0,I20
p082,1,prolific,2,C,b,B,0,0,0,0,0,1,1,1,0.375,I20
p083,1,prolific,3,C,b,X,0,1,1,1,1,1,1,1,0.875,I20
p084,1,prolific,2,C,b,X,0,0,0,0,0,1,1,1,0.375,I20
p088,3,prolific,3,C,b,B,1,1,1,1,1,1,1,1,1.0,I20
p091,3,prolific,2,C,b,B,0,0,0,1,0,0,0,0,0.125,I20
p098,2,prolific,2,C,b,B,0,1,1,1,1,1,1,1,0.875,I20
p099,4,prolific,3,C,b,X,1,1,1,1,1,1,1,1,1.0,I20
p100,2,prolific,2,C,b,B,0,1,1,1,1,0,0,1,0.625,I20
p104,2,prolific,3,C,b,B,0,0,0,0,0,1,1,1,0.375,I20
p109,4,prolific,2,C,b,B,0,1,1,1,1,1,1,1,0.875,I20
p111,3,prolific,2,C,b,B,0,0,0,0,1,1,1,1,0.5,I20
p115,1,prolific,3,C,b,B,0,0,0,0,1,1,1,1,0.5,I20
p117,1,prolific,2,C,b,X,0,0,0,0,0,0,1,1,0.25,I20
p120,1,prolific,3,C,b,X,0,0,0,0,0,0,0,1,0.125,I20
p124,2,prolific,3,C,b,B,0,0,1,1,1,1,1,1,0.75,I20
p130,1,prolific,3,C,b,X,0,0,0,0,1,1,1,1,0.5,I20
p131,3,prolific,2,C,b,X,1,1,1,1,1,1,1,1,1.0,I20
p134,3,prolific,3,C,b,B,1,1,1,1,1,1,1,1,1.0,I20
p137,1,prolific,2,C,b,X,0,0,0,0,0,1,1,1,0.375,I20
p140,3,prolific,2,C,b,X,1,1,1,1,1,1,1,1,1.0,I20
p146,2,prolific,2,C,b,B,0,0,0,0,0,1,1,1,0.375,I20
p151,1,prolific,2,C,b,B,0,0,0,0,0,0,0,0,0.0,I20
p153,4,prolific,3,C,b,B,1,1,1,1,1,1,1,1,1.0,I20
p155,3,prolific,3,C,b,B,0,0,0,0,0,1,1,1,0.375,I20
p157,2,prolific,2,C,b,B,0,1,1,1,1,1,1,1,0.875,I20
r004,2,rep,2,C,b,B,0,0,0,0,0,1,1,1,0.375,I20
r009,2,rep,2,C,b,B,0,1,1,1,1,1,1,1,0.875,I20
r012,2,rep,3,C,b,B,0,0,0,0,1,1,1,1,0.5,I20
r016,4,rep,3,C,b,X,0,0,0,1,1,1,1,1,0.625,I20
r018,2,rep,2,C,b,B,0,0,0,0,1,1,1,1,0.5,I20
r020,4,rep,3,C,b,B,0,1,1,1,1,1,1,1,0.875,I20
r021,2,rep,2,C,b,B,0,0,0,0,1,1,1,1,0.5,I20
r026,4,rep,3,C,b,X,1,1,1,1,1,1,1,1,1.0,I20
r027,2,rep,2,C,b,B,0,0,0,0,0,0,0,1,0.125,I20
r029,2,rep,3,C,b,B,0,0,0,0,1,1,1,1,0.5,I20
r031,3,rep,2,C,b,B,0,0,0,1,1,1,1,1,0.625,I20
r036,4,rep,3,C,b,X,1,1,1,1,1,1,1,0,0.875,I20
r044,4,rep,3,C,b,B,1,1,1,1,1,1,1,1,1.0,I20
r045,4,rep,3,C,b,B,0,1,0,0,1,1,1,1,0.625,I20
r047,2,rep,2,C,b,X,1,1,1,1,1,1,1,1,1.0,I20
r050,2,rep,2,C,b,B,0,0,0,0,1,1,1,1,0.5,I20
r056,2,rep,2,C,b,B,0,0,1,0,1,1,1,1,0.625,I20
r062,4,rep,3,C,b,B,1,1,1,1,1,1,1,1,1.0,I20
r066,4,rep,2,C,b,X,1,1,1,1,1,1,1,1,1.0,I20
r070,4,rep,3,C,b,B,1,1,1,1,1,1,1,1,1.0,I20
r072,4,rep,3,C,b,B,1,1,1,1,1,1,1,1,1.0,I20
r073,1,rep,2,C,b,A,1,1,1,1,1,1,1,1,1.0,I20
r080,2,rep,2,C,b,B,0,0,0,0,1,1,1,1,0.5,I20
p002,4,prolific,2,R,f,B,1,1,1,1,1,1,1,1,1.0,I15
p005,2,prolific,3,R,f,X,1,1,1,1,1,0,1,0,0.75,I15
p007,4,prolific,3,R,f,X,1,1,1,1,1,0,0,0,0.625,I15
p008,4,prolific,2,R,f,B,1,1,1,1,1,1,1,1,1.0,I15
p015,4,prolific,3,R,f,B,1,1,1,1,1,1,1,1,1.0,I15
p019,4,prolific,3,R,f,B,1,1,1,1,1,1,1,1,1.0,I15
p020,3,prolific,2,R,f,A,1,1,1,1,1,1,1,0,0.875,I15
p023,2,prolific,3,R,f,B,1,1,1,1,1,1,1,1,1.0,I15
p024,3,prolific,2,R,f,X,1,1,1,1,1,1,1,1,1.0,I15
p027,2,prolific,3,R,f,X,1,1,1,1,0,0,0,0,0.5,I15
p031,2,prolific,3,R,f,A,1,0,1,0,0,0,0,0,0.25,I15
p035,4,prolific,2,R,f,X,1,0,0,0,0,0,0,0,0.125,I15
p039,3,prolific,3,R,f,A,1,1,1,1,1,1,1,0,0.875,I15
p041,2,prolific,2,R,f,X,0,1,0,0,0,0,0,1,0.25,I15
p045,3,prolific,2,R,f,A,1,1,1,1,1,1,1,0,0.875,I15
p047,2,prolific,3,R,f,X,1,1,1,0,1,0,1,1,0.75,I15
p053,3,prolific,2,R,f,A,1,1,1,1,1,1,1,0,0.875,I15
p055,3,prolific,3,R,f,A,1,1,1,1,1,1,1,1,1.0,I15
p060,1,prolific,3,R,f,A,1,1,0,0,0,0,0,0,0.25,I15
p061,4,prolific,2,R,f,A,1,1,1,1,1,0,1,0,0.75,I15
p062,4,prolific,2,R,f,X,1,1,1,1,1,1,1,0,0.875,I15
p065,1,prolific,3,R,f,A,1,0,0,0,0,0,0,0,0.125,I15
p069,3,prolific,2,R,f,X,1,1,1,1,0,0,0,0,0.5,I15
p072,2,prolific,3,R,f,X,1,1,1,1,1,1,0,0,0.75,I15
p077,2,prolific,3,R,f,X,1,1,1,1,1,0,1,1,0.875,I15
p079,1,prolific,2,R,f,A,0,0,0,0,0,0,0,0,0.0,I15
p080,2,prolific,3,R,f,B,1,1,1,1,1,1,1,1,1.0,I15
p087,4,prolific,3,R,f,B,1,1,1,1,1,1,1,1,1.0,I15
p089,4,prolific,2,R,f,X,1,1,1,1,1,1,1,0,0.875,I15
p093,4,prolific,3,R,f,X,1,1,1,1,1,1,1,0,0.875,I15
p095,4,prolific,2,R,f,X,1,1,1,1,1,0,0,0,0.625,I15
p103,4,prolific,3,R,f,A,1,0,0,0,0,0,0,0,0.125,I15
p105,3,prolific,2,R,f,X,1,1,1,1,1,1,1,1,1.0,I15
p110,2,prolific,3,R,f,A,1,1,1,0,0,0,0,0,0.375,I15
p112,4,prolific,2,R,f,A,1,1,1,1,1,1,1,0,0.875,I15
p114,3,prolific,3,R,f,B,1,1,1,1,1,1,1,1,1.0,I15
p116,3,prolific,2,R,f,A,1,1,0,0,0,0,0,0,0.25,I15
p119,3,prolific,3,R,f,B,1,1,1,1,1,1,1,1,1.0,I15
p122,2,prolific,2,R,f,X,1,1,1,1,1,1,1,0,0.875,I15
p123,3,prolific,3,R,f,A,1,1,1,1,1,1,1,1,1.0,I15
p125,2,prolific,2,R,f,X,1,1,0,0,0,0,0,0,0.25,I15
p128,3,prolific,3,R,f,A,1,1,1,1,1,1,1,1,1.0,I15
p129,2,prolific,2,R,f,X,1,1,1,1,1,1,1,0,0.875,I15
p135,2,prolific,3,R,f,X,1,0,0,0,0,0,0,0,0.125,I15
p136,1,prolific,2,R,f,X,1,1,1,1,1,1,0,0,0.75,I15
p141,2,prolific,2,R,f,X,1,0,0,0,0,0,0,0,0.125,I15
p144,1,prolific,3,R,f,A,1,1,1,0,0,0,0,0,0.375,I15
p145,3,prolific,2,R,f,X,1,1,1,1,1,0,1,0,0.75,I15
p149,3,prolific,3,R,f,A,1,1,1,1,0,0,0,1,0.625,I15
p150,4,prolific,2,R,f,X,1,1,1,1,1,0,0,0,0.625,I15
p154,2,prolific,3,R,f,X,1,1,1,1,1,0,0,0,0.625,I15
p156,1,prolific,2,R,f,A,1,0,0,0,0,0,0,0,0.125,I15
r007,1,rep,3,R,f,A,1,1,1,1,1,1,0,0,0.75,I15
r014,1,rep,3,R,f,A,0,0,0,0,0,0,0,0,0.0,I15
r015,4,rep,2,R,f,A,0,0,0,0,0,0,0,0,0.0,I15
r019,1,rep,3,R,f,A,1,1,1,0,0,0,0,0,0.375,I15
r022,4,rep,2,R,f,B,1,1,1,1,1,1,1,1,1.0,I15
r025,1,rep,3,R,f,B,1,1,1,1,1,1,1,1,1.0,I15
r032,2,rep,2,R,f,X,1,1,1,0,1,1,1,1,0.875,I15
r035,1,rep,3,R,f,A,1,0,0,0,0,0,0,0,0.125,I15
r037,4,rep,2,R,f,X,1,1,1,1,1,1,0,0,0.75,I15
r039,1,rep,3,R,f,A,1,1,1,0,0,0,0,0,0.375,I15
r042,4,rep,2,R,f,B,1,1,1,1,1,1,1,1,1.0,I15
r046,2,rep,2,R,f,X,1,1,1,0,0,0,0,0,0.375,I15
r048,1,rep,3,R,f,A,1,1,0,0,0,0,0,0,0.25,I15
r049,4,rep,2,R,f,X,0,0,0,1,0,0,0,0,0.125,I15
r053,4,rep,3,R,f,X,1,1,1,1,1,1,1,0,0.875,I15
r054,4,rep,2,R,f,A,1,1,1,1,1,1,1,0,0.875,I15
r057,1,rep,3,R,f,X,0,1,1,1,1,1,0,0,0.625,I15
r058,2,rep,2,R,f,X,1,1,1,1,0,0,0,0,0.5,I15
r061,3,rep,3,R,f,X,1,1,1,1,1,0,0,0,0.625,I15
r063,4,rep,2,R,f,A,1,1,1,1,1,1,0,0,0.75,I15
r067,2,rep,2,R,f,X,1,1,1,1,1,1,1,0,0.875,I15
r074,1,rep,3,R,f,A,1,0,0,0,0,0,0,0,0.125,I15
r077,4,rep,2,R,f,B,1,1,1,1,1,1,1,1,1.0,I15
r078,4,rep,2,R,f,A,1,1,0,1,1,1,1,0,0.75,I15
r079,1,rep,3,R,f,A,1,0,0,0,0,0,0,0,0.125,I15
r081,1,rep,3,R,f,X,0,0,0,0,0,0,0,0,0.0,I15
p001,1,prolific,2,R,m,X,1,1,1,1,1,1,1,0,0.875,I19
p006,2,prolific,3,R,m,X,1,1,1,1,1,0,0,0,0.625,I19
p010,1,prolific,2,R,m,X,0,0,0,1,1,0,0,0,0.25,I19
p012,4,prolific,3,R,m,B,1,1,1,1,1,1,1,1,1.0,I19
p016,2,prolific,3,R,m,B,1,1,1,1,1,1,1,1,1.0,I19
p025,4,prolific,2,R,m,B,1,1,1,1,1,1,1,1,1.0,I19
p029,4,prolific,3,R,m,A,1,1,1,1,1,1,1,1,1.0,I19
p030,1,prolific,2,R,m,X,0,0,0,1,1,1,0,0,0.375,I19
p034,4,prolific,3,R,m,B,1,1,1,1,1,1,1,1,1.0,I19
p036,4,prolific,2,R,m,B,1,1,1,1,1,1,1,1,1.0,I19
p040,3,prolific,3,R,m,B,1,1,1,1,1,1,1,1,1.0,I19
p043,1,prolific,2,R,m,X,0,0,1,1,1,1,1,0,0.625,I19
p044,1,prolific,2,R,m,X,0,0,0,1,1,1,0,0,0.375,I19
p048,1,prolific,3,R,m,X,0,1,1,1,1,1,1,0,0.75,I19
p050,3,prolific,2,R,m,A,1,1,1,1,0,0,0,0,0.5,I19
p052,4,prolific,3,R,m,B,1,1,1,1,1,1,1,1,1.0,I19
p058,4,prolific,3,R,m,B,1,1,1,1,1,1,1,1,1.0,I19
p059,3,prolific,3,R,m,B,1,1,1,1,1,1,1,1,1.0,I19
p063,2,prolific,2,R,m,B,0,0,1,1,1,1,1,1,0.75,I19
p064,4,prolific,2,R,m,X,1,1,1,1,1,1,1,0,0.875,I19
p067,4,prolific,3,R,m,B,1,1,1,1,1,1,1,1,1.0,I19
p076,1,prolific,2,R,m,X,0,0,0,1,1,1,0,0,0.375,I19
p078,1,prolific,3,R,m,B,0,1,1,1,1,1,1,1,0.875,I19
p082,2,prolific,2,R,m,X,1,1,1,1,1,1,1,1,1.0,I19
p083,3,prolific,3,R,m,X,1,1,1,1,1,1,1,0,0.875,I19
p084,2,prolific,2,R,m,A,0,1,1,0,0,0,1,1,0.5,I19
p088,2,prolific,3,R,m,B,1,1,1,1,1,1,1,1,1.0,I19
p091,4,prolific,2,R,m,X,1,1,1,1,1,1,1,0,0.875,I19
p098,3,prolific,2,R,m,B,1,1,1,1,1,1,1,1,1.0,I19
p099,1,prolific,3,R,m,X,0,0,0,1,1,1,0,0,0.375,I19
p100,1,prolific,2,R,m,A,1,1,0,0,0,0,0,0,0.25,I19
p104,3,prolific,3,R,m,B,1,1,1,1,1,1,1,1,1.0,I19
p109,1,prolific,2,R,m,X,0,0,1,1,1,1,0,0,0.5,I19
p111,4,prolific,2,R,m,B,1,1,1,1,1,1,1,1,1.0,I19
p115,3,prolific,3,R,m,B,1,1,1,1,1,1,1,1,1.0,I19
p117,2,prolific,2,R,m,B,1,1,1,1,1,1,1,1,1.0,I19
p120,4,prolific,3,R,m,B,1,1,1,1,1,1,1,1,1.0,I19
p124,3,prolific,3,R,m,A,1,1,1,1,1,1,1,1,1.0,I19
p130,3,prolific,3,R,m,B,1,1,1,1,1,1,1,1,1.0,I19
p131,1,prolific,2,R,m,X,1,1,1,1,1,1,1,1,1.0,I19
p134,2,prolific,3,R,m,B,1,1,1,1,1,1,1,1,1.0,I19
p137,2,prolific,2,R,m,B,1,1,1,1,1,1,1,1,1.0,I19
p140,1,prolific,2,R,m,X,0,0,0,1,1,1,0,0,0.375,I19
p146,3,prolific,2,R,m,X,1,1,1,1,1,1,1,1,1.0,I19
p151,4,prolific,2,R,m,B,1,1,1,1,1,1,1,1,1.0,I19
p153,1,prolific,3,R,m,B,1,1,1,1,1,1,1,1,1.0,I19
p155,1,prolific,3,R,m,B,0,0,0,0,1,1,1,1,0.5,I19
p157,1,prolific,2,R,m,X,1,1,1,1,1,1,1,0,0.875,I19
r004,4,rep,2,R,m,X,1,0,1,1,1,1,0,0,0.625,I19
r009,4,rep,2,R,m,B,0,0,0,0,1,0,1,1,0.375,I19
r012,3,rep,3,R,m,B,1,1,1,1,1,1,1,1,1.0,I19
r016,1,rep,3,R,m,X,0,1,0,1,1,0,0,0,0.375,I19
r018,4,rep,2,R,m,B,1,1,1,1,1,1,1,1,1.0,I19
r020,1,rep,3,R,m,B,1,1,1,1,1,1,1,1,1.0,I19
r021,4,rep,2,R,m,B,1,1,1,1,1,1,1,1,1.0,I19
r026,1,rep,3,R,m,X,0,0,0,1,1,1,0,0,0.375,I19
r027,4,rep,2,R,m,B,1,1,1,1,1,1,1,1,1.0,I19
r029,3,rep,3,R,m,B,1,1,1,1,1,1,1,1,1.0,I19
r031,4,rep,2,R,m,B,1,1,1,1,1,1,1,1,1.0,I19
r036,1,rep,3,R,m,X,0,0,0,1,1,1,0,0,0.375,I19
r044,1,rep,3,R,m,X,0,0,0,1,1,1,0,0,0.375,I19
r045,1,rep,3,R,m,X,0,0,0,1,1,0,0,0,0.25,I19
r047,4,rep,2,R,m,B,1,1,1,1,1,1,1,1,1.0,I19
r050,4,rep,2,R,m,B,1,1,1,1,1,1,1,1,1.0,I19
r056,4,rep,2,R,m,B,1,1,1,1,1,1,1,1,1.0,I19
r062,1,rep,3,R,m,X,0,0,0,1,1,0,0,0,0.25,I19
r066,2,rep,2,R,m,B,1,1,1,1,1,1,1,1,1.0,I19
r070,1,rep,3,R,m,X,0,1,1,1,1,1,0,0,0.625,I19
r072,1,rep,3,R,m,B,0,0,0,0,0,0,1,0,0.125,I19
r073,2,rep,2,R,m,B,0,0,0,0,0,0,1,1,0.25,I19
r080,4,rep,2,R,m,B,1,1,1,1,1,1,1,1,1.0,I19
p003,3,prolific,3,R,b,B,1,1,1,1,1,1,1,1,1.0,I23
p004,2,prolific,2,R,b,B,1,1,1,1,1,1,1,1,1.0,I23
p011,2,prolific,2,R,b,B,1,1,1,1,1,1,1,1,1.0,I23
p013,3,prolific,3,R,b,B,0,0,0,0,1,1,1,1,0.5,I23
p014,3,prolific,2,R,b,X,1,1,1,1,1,1,1,1,1.0,I23
p017,4,prolific,3,R,b,B,1,1,1,1,1,1,1,1,1.0,I23
p021,4,prolific,3,R,b,B,0,0,0,1,1,1,1,1,0.625,I23
p028,4,prolific,2,R,b,B,1,1,1,1,1,1,1,1,1.0,I23
p032,3,prolific,2,R,b,B,0,1,1,1,1,1,1,1,0.875,I23
p033,4,prolific,3,R,b,B,1,1,1,1,1,1,1,1,1.0,I23
p037,4,prolific,3,R,b,B,1,1,1,1,1,1,1,1,1.0,I23
p038,1,prolific,2,R,b,B,0,0,0,1,1,1,1,1,0.625,I23
p042,4,prolific,3,R,b,B,1,1,1,1,1,1,1,1,1.0,I23
p049,4,prolific,3,R,b,B,1,1,1,1,1,1,1,1,1.0,I23
p051,2,prolific,2,R,b,B,1,1,1,1,1,1,1,1,1.0,I23
p054,4,prolific,3,R,b,B,1,1,1,1,1,1,1,1,1.0,I23
p057,4,prolific,2,R,b,B,1,1,1,1,1,1,1,1,1.0,I23
p066,4,prolific,3,R,b,B,1,1,1,1,1,1,1,1,1.0,I23
p068,3,prolific,2,R,b,B,0,0,0,0,1,1,1,1,0.5,I23
p070,4,prolific,2,R,b,B,1,1,1,1,1,1,1,1,1.0,I23
p074,1,prolific,2,R,b,B,0,0,0,0,0,0,1,1,0.25,I23
p075,1,prolific,3,R,b,X,0,0,0,0,0,0,0,0,0.0,I23
p085,3,prolific,3,R,b,X,1,1,1,1,1,1,1,1,1.0,I23
p086,3,prolific,2,R,b,B,1,0,1,1,1,1,1,1,0.875,I23
p090,4,prolific,3,R,b,B,1,1,1,1,1,1,1,1,1.0,I23
p092,3,prolific,2,R,b,B,1,1,1,1,1,1,1,1,1.0,I23
p096,1,prolific,2,R,b,B,0,0,0,0,0,0,0,0,0.0,I23
p097,4,prolific,3,R,b,B,1,1,1,1,1,1,1,1,1.0,I23
p101,4,prolific,2,R,b,B,1,1,1,1,1,1,1,1,1.0,I23
p102,4,prolific,3,R,b,B,1,1,1,1,1,1,1,1,1.0,I23
p106,2,prolific,3,R,b,B,1,1,1,1,1,1,1,1,1.0,I23
p107,3,prolific,2,R,b,B,0,0,1,1,1,1,1,1,0.75,I23
p113,3,prolific,2,R,b,B,0,0,0,0,1,1,1,1,0.5,I23
p118,3,prolific,2,R,b,B,0,0,0,1,1,1,1,1,0.625,I23
p121,3,prolific,2,R,b,B,1,1,1,1,1,1,1,1,1.0,I23
p126,4,prolific,2,R,b,B,1,0,1,1,1,1,1,1,0.875,I23
p127,1,prolific,3,R,b,B,1,1,1,1,1,1,1,1,1.0,I23
p132,3,prolific,3,R,b,B,1,1,1,1,1,1,1,1,1.0,I23
p133,2,prolific,2,R,b,B,1,1,1,1,1,1,1,1,1.0,I23
p138,3,prolific,3,R,b,B,1,1,1,1,1,1,1,1,1.0,I23
p139,3,prolific,2,R,b,B,1,1,1,1,1,1,1,1,1.0,I23
p142,4,prolific,3,R,b,B,1,1,1,1,1,1,1,1,1.0,I23
p143,4,prolific,2,R,b,B,1,1,1,1,1,1,1,1,1.0,I23
p147,3,prolific,3,R,b,B,0,0,0,0,1,1,1,1,0.5,I23
p148,4,prolific,2,R,b,B,1,1,1,1,1,1,1,1,1.0,I23
p152,1,prolific,2,R,b,B,1,1,1,1,1,1,1,1,1.0,I23
r001,1,rep,3,R,b,B,0,0,0,0,0,1,1,1,0.375,I23
r002,1,rep,3,R,b,B,0,0,0,0,0,0,0,1,0.125,I23
r003,1,rep,3,R,b,B,1,1,1,1,1,1,1,1,1.0,I23
r005,1,rep,3,R,b,B,0,0,0,0,0,1,1,1,0.375,I23
r006,4,rep,2,R,b,B,1,1,1,1,1,1,1,1,1.0,I23
r010,3,rep,3,R,b,B,0,0,0,0,1,1,1,1,0.5,I23
r011,3,rep,3,R,b,B,0,1,1,1,1,1,1,1,0.875,I23
r013,4,rep,2,R,b,B,1,1,1,1,1,1,1,1,1.0,I23
r023,1,rep,3,R,b,B,0,0,0,0,0,1,1,1,0.375,I23
r024,4,rep,2,R,b,B,1,1,1,1,1,1,1,1,1.0,I23
r028,1,rep,3,R,b,B,0,0,0,0,0,0,0,1,0.125,I23
r030,4,rep,2,R,b,B,1,1,1,1,1,1,1,1,1.0,I23
r033,4,rep,2,R,b,B,1,1,1,1,1,1,1,1,1.0,I23
r034,1,rep,3,R,b,B,0,0,0,0,1,1,1,1,0.5,I23
r038,4,rep,3,R,b,B,1,1,1,1,1,1,1,1,1.0,I23
r040,1,rep,2,R,b,A,0,0,0,0,1,1,1,1,0.5,I23
r043,3,rep,3,R,b,B,0,0,0,0,0,0,0,0,0.0,I23
r052,1,rep,3,R,b,B,1,1,1,1,1,1,1,1,1.0,I23
r055,1,rep,3,R,b,B,0,0,0,0,1,1,1,1,0.5,I23
r059,1,rep,3,R,b,B,0,0,0,0,0,1,1,1,0.375,I23
r060,2,rep,2,R,b,B,1,1,1,1,1,1,1,1,1.0,I23
r065,4,rep,2,R,b,B,1,1,1,1,1,1,1,1,1.0,I23
r068,1,rep,3,R,b,B,0,0,0,0,0,0,1,1,0.25,I23
r069,4,rep,2,R,b,B,1,1,1,1,1,1,1,1,1.0,I23
r071,4,rep,2,R,b,B,0,1,1,1,1,1,1,1,0.875,I23
r075,1,rep,3,R,b,B,0,0,0,0,0,0,0,1,0.125,I23
