P_ID,DEPTH,LOC,ORDER,I09,I10,I11,I12,I13,I14,I15,I16,I17,I18,I19,I20,I21,I22,I23,I01,I03,I29,I31,ERRORS,STIMULI,POOL,NUM_A,NUM_B,NUM_X,PROP_A,PROP_B,PROP_X,HAS_X
p001,2,R,m,,,,,,,X,X,X,X,X,X,X,X,B,X,X,X,B,3,1,prolific,0,1,8,0.0,0.1111111111111111,0.8888888888888888,1
p001,3,L,a,A,A,A,A,A,A,A,B,B,,,,,,,AA,AA,BB,BB,0,2,prolific,7,2,0,0.7777777777777778,0.2222222222222222,0.0,0
p001,3,C,f,,,,A,A,A,A,A,A,A,A,A,,,,AA,AA,BB,BY,0,4,prolific,9,0,0,1.0,0.0,0.0,0
p001,2,C,b,,,,B,B,B,B,B,B,B,B,B,,,,A,A,B,B,0,3,prolific,0,9,0,0.0,1.0,0.0,0
p002,3,R,a,,,,,,,A,A,A,A,A,A,A,A,A,AA,AA,AA,AA,2,1,prolific,9,0,0,1.0,0.0,0.0,0
p002,2,C,m,,,,X,X,X,X,X,X,X,B,X,,,,A,A,B,B,0,2,prolific,0,1,8,0.0,0.1111111111111111,0.8888888888888888,1
p002,2,R,f,,,,,,,B,B,B,B,B,B,B,B,B,A,A,B,X,1,4,prolific,0,9,0,0.0,1.0,0.0,0
p002,3,L,b,A,A,A,A,B,B,B,B,B,,,,,,,AA,AA,BB,BB,0,3,prolific,4,5,0,0.4444444444444444,0.5555555555555556,0.0,0
p003,3,R,b,,,,,,,B,B,B,B,B,B,B,B,B,AA,AA,BB,BB,0,3,prolific,0,9,0,0.0,1.0,0.0,0
p003,2,L,a,A,A,A,A,A,A,A,A,A,,,,,,,A,A,B,B,0,1,prolific,9,0,0,1.0,0.0,0.0,0
p003,2,C,f,,,,A,A,A,A,A,X,X,X,X,,,,A,A,B,B,0,4,prolific,5,0,4,0.5555555555555556,0.0,0.4444444444444444,1
p003,3,C,m,,,,B,B,B,B,B,B,B,B,B,,,,AA,AA,BB,BB,0,2,prolific,0,9,0,0.0,1.0,0.0,0
p004,2,L,m,A,X,A,B,A,B,X,X,X,,,,,,,A,A,B,B,0,4,prolific,3,2,4,0.3333333333333333,0.2222222222222222,0.4444444444444444,1
p004,3,C,a,,,,A,A,A,A,A,A,A,B,B,,,,AA,AA,BB,BB,0,3,prolific,7,2,0,0.7777777777777778,0.2222222222222222,0.0,0
p004,3,L,f,A,A,A,A,A,A,X,X,X,,,,,,,AA,AA,BA,BB,0,1,prolific,6,0,3,0.6666666666666666,0.0,0.3333333333333333,1
p004,2,R,b,,,,,,,B,B,B,B,B,B,B,B,B,A,A,X,X,2,2,prolific,0,9,0,0.0,1.0,0.0,0
p005,2,L,b,B,B,B,B,B,B,B,B,B,,,,,,,A,A,B,X,1,4,prolific,0,9,0,0.0,1.0,0.0,0
p005,3,L,m,A,A,A,A,A,A,A,A,A,,,,,,,AA,AA,BB,BB,0,1,prolific,9,0,0,1.0,0.0,0.0,0
p005,3,R,f,,,,,,,X,X,X,X,X,X,B,X,B,AA,AA,BB,BY,0,2,prolific,0,2,7,0.0,0.2222222222222222,0.7777777777777778,1
p005,2,C,a,,,,X,X,X,X,X,X,X,B,X,,,,A,A,B,B,0,3,prolific,0,1,8,0.0,0.1111111111111111,0.8888888888888888,1
p006,3,C,b,,,,X,X,X,X,X,X,X,X,X,,,,AA,AA,BB,BB,0,4,prolific,0,0,9,0.0,0.0,1.0,1
p006,2,R,a,,,,,,,A,A,A,X,X,X,X,B,B,A,A,B,B,0,1,prolific,3,2,4,0.3333333333333333,0.2222222222222222,0.4444444444444444,1
p006,3,R,m,,,,,,,X,X,X,X,X,X,B,B,B,AA,AA,BB,BB,0,2,prolific,0,3,6,0.0,0.3333333333333333,0.6666666666666666,1
p006,2,L,f,A,A,A,A,A,A,A,A,A,,,,,,,A,A,B,B,0,3,prolific,9,0,0,1.0,0.0,0.0,0
p007,3,L,m,X,X,X,X,X,X,X,X,X,,,,,,,AA,AA,BB,BB,0,2,prolific,0,0,9,0.0,0.0,1.0,1
p007,3,R,f,,,,,,,X,X,X,X,X,X,B,B,B,AA,AA,BB,BB,0,4,prolific,0,3,6,0.0,0.3333333333333333,0.6666666666666666,1
p007,2,C,a,,,,A,A,A,A,A,A,B,B,A,,,,A,A,B,B,0,3,prolific,7,2,0,0.7777777777777778,0.2222222222222222,0.0,0
p007,2,L,b,A,A,A,A,A,A,A,A,A,,,,,,,A,A,B,B,0,1,prolific,9,0,0,1.0,0.0,0.0,0
p008,3,R,a,,,,,,,X,X,X,X,X,X,B,B,B,AA,AA,BB,BB,0,1,prolific,0,3,6,0.0,0.3333333333333333,0.6666666666666666,1
p008,2,C,m,,,,X,A,X,X,A,X,X,X,B,,,,A,A,A,B,1,2,prolific,2,1,6,0.2222222222222222,0.1111111111111111,0.6666666666666666,1
p008,2,R,f,,,,,,,B,B,B,B,B,B,B,B,B,A,A,B,B,0,4,prolific,0,9,0,0.0,1.0,0.0,0
p008,3,L,b,A,A,A,A,B,B,B,B,B,,,,,,,AA,AA,BB,BB,0,3,prolific,4,5,0,0.4444444444444444,0.5555555555555556,0.0,0
p010,2,R,m,,,,,,,A,A,A,X,X,X,B,B,B,A,A,B,B,0,1,prolific,3,3,3,0.3333333333333333,0.3333333333333333,0.3333333333333333,1
p010,3,L,a,A,A,B,A,B,B,B,B,B,,,,,,,AA,AA,BB,BB,0,2,prolific,3,6,0,0.3333333333333333,0.6666666666666666,0.0,0
p010,3,C,f,,,,A,A,A,A,B,B,B,B,B,,,,BY,BY,BB,BB,2,4,prolific,4,5,0,0.4444444444444444,0.5555555555555556,0.0,0
p010,2,C,b,,,,X,X,X,X,X,X,X,X,X,,,,A,A,B,B,0,3,prolific,0,0,9,0.0,0.0,1.0,1
p011,2,L,m,A,A,A,A,A,A,A,A,B,,,,,,,A,A,B,B,0,4,prolific,8,1,0,0.8888888888888888,0.1111111111111111,0.0,0
p011,3,C,a,,,,A,B,B,B,B,B,B,B,B,,,,AA,AA,BB,BB,0,3,prolific,1,8,0,0.1111111111111111,0.8888888888888888,0.0,0
p011,3,L,f,A,B,A,B,B,A,A,B,A,,,,,,,AB,BB,AB,BB,2,1,prolific,5,4,0,0.5555555555555556,0.4444444444444444,0.0,0
p011,2,R,b,,,,,,,B,B,B,B,B,B,B,B,B,A,A,B,B,0,2,prolific,0,9,0,0.0,1.0,0.0,0
p012,3,C,b,,,,B,B,B,B,B,B,B,B,A,,,,AA,AY,BB,BB,0,2,prolific,1,8,0,0.1111111111111111,0.8888888888888888,0.0,0
p012,3,R,m,,,,,,,B,B,B,B,B,B,B,B,B,AB,AA,BB,BY,0,4,prolific,0,9,0,0.0,1.0,0.0,0
p012,2,R,a,,,,,,,A,X,X,X,X,X,X,X,B,A,A,B,B,0,3,prolific,1,1,7,0.1111111111111111,0.1111111111111111,0.7777777777777778,1
p012,2,L,f,A,A,A,A,A,A,A,A,A,,,,,,,X,A,B,B,1,1,prolific,9,0,0,1.0,0.0,0.0,0
p013,2,L,a,A,A,A,A,A,A,A,A,X,,,,,,,A,A,B,B,0,1,prolific,8,0,1,0.8888888888888888,0.0,0.1111111111111111,1
p013,2,C,f,,,,A,X,X,X,B,X,X,X,X,,,,A,A,B,B,0,2,prolific,1,1,7,0.1111111111111111,0.1111111111111111,0.7777777777777778,1
p013,3,C,m,,,,X,X,X,X,X,X,X,B,B,,,,AA,AB,BB,BB,0,4,prolific,0,2,7,0.0,0.2222222222222222,0.7777777777777778,1
p013,3,R,b,,,,,,,X,X,A,X,B,B,B,B,B,AA,AA,XY,BB,1,3,prolific,1,5,3,0.1111111111111111,0.5555555555555556,0.3333333333333333,1
p014,3,C,a,,,,A,A,A,A,A,A,A,A,B,,,,XY,AA,BA,BB,1,1,prolific,8,1,0,0.8888888888888888,0.1111111111111111,0.0,0
p014,2,L,m,A,A,A,A,A,A,A,A,A,,,,,,,A,A,B,B,0,4,prolific,9,0,0,1.0,0.0,0.0,0
p014,2,R,b,,,,,,,X,X,X,X,X,X,X,X,X,A,A,X,B,1,3,prolific,0,0,9,0.0,0.0,1.0,1
p014,3,L,f,A,A,A,A,A,B,B,B,B,,,,,,,AA,AA,BB,BB,0,2,prolific,5,4,0,0.5555555555555556,0.4444444444444444,0.0,0
p015,2,C,a,,,,A,A,A,B,B,B,B,B,B,,,,A,A,B,B,0,3,prolific,3,6,0,0.3333333333333333,0.6666666666666666,0.0,0
p015,3,R,f,,,,,,,B,B,B,B,B,B,B,B,B,AA,AA,BB,BB,0,4,prolific,0,9,0,0.0,1.0,0.0,0
p015,2,L,b,A,A,A,A,A,A,A,A,B,,,,,,,A,A,B,B,0,1,prolific,8,1,0,0.8888888888888888,0.1111111111111111,0.0,0
p015,3,L,m,A,A,A,A,A,A,A,A,A,,,,,,,AA,AA,BB,BB,0,2,prolific,9,0,0,1.0,0.0,0.0,0
p016,2,R,a,,,,,,,A,A,A,X,X,X,B,B,B,A,A,B,B,0,1,prolific,3,3,3,0.3333333333333333,0.3333333333333333,0.3333333333333333,1
p016,3,C,b,,,,A,A,A,A,A,A,A,A,A,,,,AA,AA,BB,BY,0,4,prolific,9,0,0,1.0,0.0,0.0,0
p016,2,L,f,A,A,A,A,A,A,A,A,A,,,,,,,A,A,B,B,0,3,prolific,9,0,0,1.0,0.0,0.0,0
p016,3,R,m,,,,,,,B,B,B,B,B,B,B,B,B,AA,AA,BB,BB,0,2,prolific,0,9,0,0.0,1.0,0.0,0
p017,3,C,m,,,,X,X,X,X,X,B,X,B,B,,,,AA,AA,BB,BB,0,2,prolific,0,3,6,0.0,0.3333333333333333,0.6666666666666666,1
p017,3,R,b,,,,,,,B,B,B,B,B,B,B,B,B,AA,AA,BB,BB,0,4,prolific,0,9,0,0.0,1.0,0.0,0
p017,2,L,a,A,A,A,A,A,A,A,A,A,,,,,,,A,A,B,B,0,3,prolific,9,0,0,1.0,0.0,0.0,0
p017,2,C,f,,,,A,A,A,A,A,A,A,A,A,,,,X,A,B,B,1,1,prolific,9,0,0,1.0,0.0,0.0,0
p019,3,L,m,X,X,X,X,A,B,X,B,B,,,,,,,AA,AB,BB,BB,0,1,prolific,1,3,5,0.1111111111111111,0.3333333333333333,0.5555555555555556,1
p019,2,C,a,,,,A,A,A,A,X,X,X,X,X,,,,A,A,B,B,0,2,prolific,4,0,5,0.4444444444444444,0.0,0.5555555555555556,1
p019,3,R,f,,,,,,,B,B,B,B,B,B,B,B,B,AB,AA,BB,BB,0,4,prolific,0,9,0,0.0,1.0,0.0,0
p019,2,L,b,X,X,X,X,X,X,X,X,X,,,,,,,A,A,B,B,0,3,prolific,0,0,9,0.0,0.0,1.0,1
p020,2,R,f,,,,,,,A,A,A,A,A,A,A,A,B,A,A,B,B,0,3,prolific,8,1,0,0.8888888888888888,0.1111111111111111,0.0,0
p020,3,L,b,A,B,B,B,B,B,B,B,B,,,,,,,AA,AA,BB,BB,0,4,prolific,1,8,0,0.1111111111111111,0.8888888888888888,0.0,0
p020,2,C,m,,,,X,X,X,X,X,X,X,X,X,,,,A,A,B,B,0,1,prolific,0,0,9,0.0,0.0,1.0,1
p020,3,R,a,,,,,,,B,B,B,B,B,B,B,B,B,AA,AA,BB,BB,0,2,prolific,0,9,0,0.0,1.0,0.0,0
p021,2,L,a,X,A,X,X,X,X,X,X,X,,,,,,,A,A,B,B,0,2,prolific,1,0,8,0.1111111111111111,0.0,0.8888888888888888,1
p021,3,C,m,,,,B,B,B,B,B,B,B,A,A,,,,AA,AA,BB,BB,0,1,prolific,2,7,0,0.2222222222222222,0.7777777777777778,0.0,0
p021,2,C,f,,,,A,A,X,A,X,X,X,X,X,,,,A,A,B,B,0,3,prolific,3,0,6,0.3333333333333333,0.0,0.6666666666666666,1
p021,3,R,b,,,,,,,A,A,A,B,B,B,B,B,B,AA,AA,BB,BB,0,4,prolific,3,6,0,0.3333333333333333,0.6666666666666666,0.0,0
p023,2,L,b,A,B,B,B,B,B,B,B,B,,,,,,,A,A,B,B,0,4,prolific,1,8,0,0.1111111111111111,0.8888888888888888,0.0,0
p023,3,L,m,A,A,A,A,A,A,A,A,B,,,,,,,XY,AA,BB,BB,1,1,prolific,8,1,0,0.8888888888888888,0.1111111111111111,0.0,0
p023,3,R,f,,,,,,,B,B,B,B,B,B,B,B,B,AA,AA,BB,XY,1,2,prolific,0,9,0,0.0,1.0,0.0,0
p023,2,C,a,,,,A,A,A,A,A,B,B,B,B,,,,A,A,B,B,0,3,prolific,5,4,0,0.5555555555555556,0.4444444444444444,0.0,0
p024,3,L,b,A,B,B,A,B,A,A,A,A,,,,,,,AA,AA,BB,BB,0,2,prolific,6,3,0,0.6666666666666666,0.3333333333333333,0.0,0
p024,3,R,a,,,,,,,A,A,A,A,B,B,B,B,B,AA,AA,BB,BB,0,1,prolific,4,5,0,0.4444444444444444,0.5555555555555556,0.0,0
p024,2,R,f,,,,,,,X,X,X,X,X,X,X,X,X,A,A,B,B,0,3,prolific,0,0,9,0.0,0.0,1.0,1
p024,2,C,m,,,,A,X,X,X,X,X,X,B,B,,,,A,A,B,B,0,4,prolific,1,2,6,0.1111111111111111,0.2222222222222222,0.6666666666666666,1
p025,3,L,a,A,A,A,A,A,A,A,A,A,,,,,,,AA,AA,BB,BB,0,3,prolific,9,0,0,1.0,0.0,0.0,0
p025,3,C,f,,,,B,B,B,B,B,B,B,B,B,,,,AA,AA,BB,XY,1,2,prolific,0,9,0,0.0,1.0,0.0,0
p025,2,R,m,,,,,,,B,B,B,B,B,B,B,B,B,A,A,B,B,0,4,prolific,0,9,0,0.0,1.0,0.0,0
p025,2,C,b,,,,A,A,A,A,A,X,X,X,X,,,,A,A,B,B,0,1,prolific,5,0,4,0.5555555555555556,0.0,0.4444444444444444,1
p027,3,L,m,A,A,A,A,A,A,A,A,A,,,,,,,AA,AA,BB,BY,0,3,prolific,9,0,0,1.0,0.0,0.0,0
p027,2,C,a,,,,A,X,A,X,X,X,X,X,X,,,,A,A,B,B,0,1,prolific,2,0,7,0.2222222222222222,0.0,0.7777777777777778,1
p027,2,L,b,A,A,X,X,X,X,X,X,B,,,,,,,A,A,B,B,0,4,prolific,2,1,6,0.2222222222222222,0.1111111111111111,0.6666666666666666,1
p027,3,R,f,,,,,,,X,X,X,X,X,B,B,B,B,AA,AA,BB,BB,0,2,prolific,0,4,5,0.0,0.4444444444444444,0.5555555555555556,1
p028,2,L,m,A,A,A,A,A,A,A,A,A,,,,,,,A,A,B,B,0,3,prolific,9,0,0,1.0,0.0,0.0,0
p028,2,R,b,,,,,,,B,B,B,B,B,B,B,B,B,A,A,B,X,1,4,prolific,0,9,0,0.0,1.0,0.0,0
p028,3,L,f,A,A,A,A,A,A,A,A,A,,,,,,,AA,AA,BB,BB,0,1,prolific,9,0,0,1.0,0.0,0.0,0
p028,3,C,a,,,,A,A,A,A,B,B,B,B,B,,,,AA,AA,BA,BB,0,2,prolific,4,5,0,0.4444444444444444,0.5555555555555556,0.0,0
p029,2,R,a,,,,,,,A,A,B,B,B,B,B,B,B,A,A,B,B,0,3,prolific,2,7,0,0.2222222222222222,0.7777777777777778,0.0,0
p029,2,L,f,A,A,A,A,A,B,B,B,B,,,,,,,A,A,B,B,0,2,prolific,5,4,0,0.5555555555555556,0.4444444444444444,0.0,0
p029,3,R,m,,,,,,,A,A,A,A,A,A,A,A,A,AA,AA,BB,BB,0,4,prolific,9,0,0,1.0,0.0,0.0,0
p029,3,C,b,,,,A,A,A,A,A,A,X,X,X,,,,AA,AA,BA,BB,0,1,prolific,6,0,3,0.6666666666666666,0.0,0.3333333333333333,1
p030,2,C,b,,,,A,A,A,A,A,B,B,B,X,,,,X,X,B,B,2,3,prolific,5,3,1,0.5555555555555556,0.3333333333333333,0.1111111111111111,1
p030,3,C,f,,,,A,A,A,A,A,A,A,A,A,,,,AA,AA,BB,BB,0,4,prolific,9,0,0,1.0,0.0,0.0,0
p030,2,R,m,,,,,,,A,A,A,X,X,X,X,B,B,X,A,B,B,1,1,prolific,3,2,4,0.3333333333333333,0.2222222222222222,0.4444444444444444,1
p030,3,L,a,A,A,A,A,X,X,X,X,X,,,,,,,AA,AA,BB,BB,0,2,prolific,4,0,5,0.4444444444444444,0.0,0.5555555555555556,1
p031,3,L,m,A,A,A,A,A,A,A,A,B,,,,,,,AA,AA,BB,BB,0,4,prolific,8,1,0,0.8888888888888888,0.1111111111111111,0.0,0
p031,2,L,b,A,A,A,A,A,A,A,A,A,,,,,,,A,A,B,B,0,1,prolific,9,0,0,1.0,0.0,0.0,0
p031,3,R,f,,,,,,,A,A,B,A,B,B,B,B,B,AA,AA,BB,BB,0,2,prolific,3,6,0,0.3333333333333333,0.6666666666666666,0.0,0
p031,2,C,a,,,,A,B,A,A,B,B,B,B,B,,,,A,A,B,B,0,3,prolific,3,6,0,0.3333333333333333,0.6666666666666666,0.0,0
p032,3,C,a,,,,A,A,A,A,A,X,X,X,X,,,,AA,AA,BB,BB,0,1,prolific,5,0,4,0.5555555555555556,0.0,0.4444444444444444,1
p032,2,R,b,,,,,,,A,B,B,B,B,B,B,B,B,A,A,B,B,0,3,prolific,1,8,0,0.1111111111111111,0.8888888888888888,0.0,0
p032,2,L,m,A,A,A,A,A,A,A,A,A,,,,,,,A,A,B,B,0,4,prolific,9,0,0,1.0,0.0,0.0,0
p032,3,L,f,A,A,A,A,A,A,A,A,A,,,,,,,AA,AA,BB,BB,0,2,prolific,9,0,0,1.0,0.0,0.0,0
p033,2,L,a,A,A,A,A,A,A,A,A,B,,,,,,,A,A,B,B,0,2,prolific,8,1,0,0.8888888888888888,0.1111111111111111,0.0,0
p033,2,C,f,,,,X,A,X,X,X,X,X,X,X,,,,X,A,B,B,1,1,prolific,1,0,8,0.1111111111111111,0.0,0.8888888888888888,1
p033,3,R,b,,,,,,,B,B,B,B,B,B,B,B,B,AA,AB,BB,BB,0,4,prolific,0,9,0,0.0,1.0,0.0,0
p033,3,C,m,,,,B,B,B,B,B,B,B,B,B,,,,AA,AA,BB,BB,0,3,prolific,0,9,0,0.0,1.0,0.0,0
p034,3,R,m,,,,,,,B,B,B,B,B,B,B,B,B,AA,AA,BB,BB,0,4,prolific,0,9,0,0.0,1.0,0.0,0
p034,2,L,f,A,A,A,A,A,A,A,A,X,,,,,,,A,A,B,B,0,1,prolific,8,0,1,0.8888888888888888,0.0,0.1111111111111111,1
p034,2,R,a,,,,,,,X,X,X,X,B,X,B,B,B,A,A,B,B,0,2,prolific,0,4,5,0.0,0.4444444444444444,0.5555555555555556,1
p034,3,C,b,,,,B,B,B,B,B,B,B,B,B,,,,AA,AA,BB,BB,0,3,prolific,0,9,0,0.0,1.0,0.0,0
p035,2,C,m,,,,X,X,B,A,B,A,X,B,X,,,,A,A,B,B,0,3,prolific,2,3,4,0.2222222222222222,0.3333333333333333,0.4444444444444444,1
p035,3,L,b,X,X,X,X,A,A,A,B,B,,,,,,,AB,AA,BB,BA,0,2,prolific,3,2,4,0.3333333333333333,0.2222222222222222,0.4444444444444444,1
p035,2,R,f,,,,,,,X,X,B,B,B,B,B,B,B,A,A,B,B,0,4,prolific,0,7,2,0.0,0.7777777777777778,0.2222222222222222,1
p035,3,R,a,,,,,,,A,X,X,X,X,X,X,X,B,AA,AB,BY,BB,0,1,prolific,1,1,7,0.1111111111111111,0.1111111111111111,0.7777777777777778,1
p036,3,L,a,A,A,A,A,A,A,A,A,A,,,,,,,AA,AA,BB,BB,0,1,prolific,9,0,0,1.0,0.0,0.0,0
p036,2,C,b,,,,A,B,B,B,B,B,B,B,B,,,,A,A,B,X,1,2,prolific,1,8,0,0.1111111111111111,0.8888888888888888,0.0,0
p036,3,C,f,,,,A,A,A,A,A,A,A,A,A,,,,AA,AA,BB,BB,0,3,prolific,9,0,0,1.0,0.0,0.0,0
p036,2,R,m,,,,,,,B,B,B,B,B,B,B,B,B,A,A,B,B,0,4,prolific,0,9,0,0.0,1.0,0.0,0
p037,3,C,m,,,,A,B,B,B,B,B,B,B,B,,,,AY,AB,AB,BB,1,1,prolific,1,8,0,0.1111111111111111,0.8888888888888888,0.0,0
p037,3,R,b,,,,,,,B,B,B,B,B,B,B,B,B,AB,AB,BB,BY,0,4,prolific,0,9,0,0.0,1.0,0.0,0
p037,2,L,a,A,A,X,X,X,X,X,X,X,,,,,,,A,A,B,B,0,2,prolific,2,0,7,0.2222222222222222,0.0,0.7777777777777778,1
p037,2,C,f,,,,X,X,X,X,X,X,X,B,B,,,,A,A,B,B,0,3,prolific,0,2,7,0.0,0.2222222222222222,0.7777777777777778,1
p038,2,L,m,A,A,A,A,A,A,A,A,A,,,,,,,A,A,B,B,0,3,prolific,9,0,0,1.0,0.0,0.0,0
p038,2,R,b,,,,,,,A,A,A,B,B,B,B,B,B,A,A,B,B,0,1,prolific,3,6,0,0.3333333333333333,0.6666666666666666,0.0,0
p038,3,C,a,,,,A,A,A,A,B,B,B,B,B,,,,AA,AA,BB,BB,0,2,prolific,4,5,0,0.4444444444444444,0.5555555555555556,0.0,0
p038,3,L,f,A,B,B,B,B,B,B,B,B,,,,,,,AY,AA,BB,BB,0,4,prolific,1,8,0,0.1111111111111111,0.8888888888888888,0.0,0
p039,2,C,a,,,,B,B,B,B,B,B,B,B,B,,,,X,X,B,B,2,4,prolific,0,9,0,0.0,1.0,0.0,0
p039,3,L,m,A,A,A,A,A,A,A,A,A,,,,,,,AA,AA,BB,BB,0,1,prolific,9,0,0,1.0,0.0,0.0,0
p039,3,R,f,,,,,,,A,A,A,A,A,A,A,A,B,AA,AA,AY,BB,1,3,prolific,8,1,0,0.8888888888888888,0.1111111111111111,0.0,0
p039,2,L,b,A,A,X,X,X,X,X,X,X,,,,,,,A,A,B,B,0,2,prolific,2,0,7,0.2222222222222222,0.0,0.7777777777777778,1
p040,2,R,a,,,,,,,B,B,B,B,B,B,B,B,B,X,A,B,B,1,4,prolific,0,9,0,0.0,1.0,0.0,0
p040,3,C,b,,,,A,A,A,A,A,A,B,B,B,,,,AB,AB,BB,AB,1,1,prolific,6,3,0,0.6666666666666666,0.3333333333333333,0.0,0
p040,3,R,m,,,,,,,B,B,B,B,B,B,B,B,B,AA,AA,BB,BB,0,3,prolific,0,9,0,0.0,1.0,0.0,0
p040,2,L,f,A,A,A,A,A,A,A,A,A,,,,,,,A,A,B,B,0,2,prolific,9,0,0,1.0,0.0,0.0,0
p041,2,R,f,,,,,,,X,A,X,A,B,B,B,B,X,X,A,X,X,3,2,prolific,2,4,3,0.2222222222222222,0.4444444444444444,0.3333333333333333,1
p041,3,L,b,X,X,X,X,X,X,X,X,X,,,,,,,AA,AA,BB,BB,0,4,prolific,0,0,9,0.0,0.0,1.0,1
p041,3,R,a,,,,,,,X,X,X,X,B,B,B,B,B,AA,AA,BB,BB,0,3,prolific,0,5,4,0.0,0.5555555555555556,0.4444444444444444,1
p041,2,C,m,,,,X,X,X,X,X,X,X,X,X,,,,A,A,B,B,0,1,prolific,0,0,9,0.0,0.0,1.0,1
p042,3,C,m,,,,B,B,B,B,B,B,B,B,B,,,,AB,AB,BB,BB,0,2,prolific,0,9,0,0.0,1.0,0.0,0
p042,3,R,b,,,,,,,B,B,B,B,B,B,B,B,B,AY,AY,BB,BY,0,4,prolific,0,9,0,0.0,1.0,0.0,0
p042,2,L,a,A,A,A,A,A,A,A,A,A,,,,,,,A,A,B,B,0,3,prolific,9,0,0,1.0,0.0,0.0,0
p042,2,C,f,,,,A,A,A,A,A,A,A,A,A,,,,X,A,B,B,1,1,prolific,9,0,0,1.0,0.0,0.0,0
p043,3,L,a,A,A,B,A,A,B,B,B,B,,,,,,,AA,AA,BB,BB,0,4,prolific,4,5,0,0.4444444444444444,0.5555555555555556,0.0,0
p043,2,R,m,,,,,,,A,A,X,X,X,X,X,X,B,A,A,B,B,0,1,prolific,2,1,6,0.2222222222222222,0.1111111111111111,0.6666666666666666,1
p043,3,C,f,,,,X,X,X,X,X,B,B,B,B,,,,AA,AB,BB,BB,0,2,prolific,0,4,5,0.0,0.4444444444444444,0.5555555555555556,1
p043,2,C,b,,,,X,X,X,X,B,B,B,B,B,,,,A,A,B,B,0,3,prolific,0,5,4,0.0,0.5555555555555556,0.4444444444444444,1
p044,2,C,b,,,,B,B,B,B,B,B,B,B,B,,,,A,A,B,B,0,4,prolific,0,9,0,0.0,1.0,0.0,0
p044,2,R,m,,,,,,,A,A,A,X,X,X,X,B,B,A,A,B,B,0,1,prolific,3,2,4,0.3333333333333333,0.2222222222222222,0.4444444444444444,1
p044,3,C,f,,,,X,X,X,X,X,X,X,X,X,,,,AA,AA,BY,BY,0,2,prolific,0,0,9,0.0,0.0,1.0,1
p044,3,L,a,A,A,A,A,A,A,A,A,A,,,,,,,AA,AA,BB,BB,0,3,prolific,9,0,0,1.0,0.0,0.0,0
p045,2,R,f,,,,,,,A,A,A,A,A,A,A,A,B,A,A,B,B,0,3,prolific,8,1,0,0.8888888888888888,0.1111111111111111,0.0,0
p045,3,L,b,A,A,A,A,A,A,A,A,B,,,,,,,AA,AA,BB,BB,0,4,prolific,8,1,0,0.8888888888888888,0.1111111111111111,0.0,0
p045,2,C,m,,,,A,A,A,A,B,B,B,B,B,,,,A,A,B,B,0,1,prolific,4,5,0,0.4444444444444444,0.5555555555555556,0.0,0
p045,3,R,a,,,,,,,B,B,B,B,B,B,B,B,B,AA,AA,BB,BB,0,2,prolific,0,9,0,0.0,1.0,0.0,0
p047,2,C,a,,,,A,A,A,A,A,B,A,B,B,,,,A,A,B,B,0,3,prolific,6,3,0,0.6666666666666666,0.3333333333333333,0.0,0
p047,3,R,f,,,,,,,X,X,X,X,B,X,B,X,X,AA,AA,BB,BB,0,2,prolific,0,2,7,0.0,0.2222222222222222,0.7777777777777778,1
p047,3,L,m,X,X,X,X,X,X,X,B,B,,,,,,,AB,AA,BB,BB,0,4,prolific,0,2,7,0.0,0.2222222222222222,0.7777777777777778,1
p047,2,L,b,A,A,A,A,A,A,A,A,X,,,,,,,A,A,B,B,0,1,prolific,8,0,1,0.8888888888888888,0.0,0.1111111111111111,1
p048,2,L,f,A,A,A,A,A,A,A,A,A,,,,,,,A,A,B,B,0,3,prolific,9,0,0,1.0,0.0,0.0,0
p048,3,C,b,,,,A,A,A,A,B,B,B,B,B,,,,AA,AA,BB,BB,0,2,prolific,4,5,0,0.4444444444444444,0.5555555555555556,0.0,0
p048,2,R,a,,,,,,,B,B,B,B,B,B,B,B,B,A,A,B,X,1,4,prolific,0,9,0,0.0,1.0,0.0,0
p048,3,R,m,,,,,,,A,X,X,X,X,X,X,X,B,AY,AA,BB,BB,0,1,prolific,1,1,7,0.1111111111111111,0.1111111111111111,0.7777777777777778,1
p049,2,L,a,X,X,X,X,X,X,X,X,X,,,,,,,A,A,B,B,0,3,prolific,0,0,9,0.0,0.0,1.0,1
p049,2,C,f,,,,X,X,X,X,X,B,B,B,B,,,,A,A,B,B,0,2,prolific,0,4,5,0.0,0.4444444444444444,0.5555555555555556,1
p049,3,R,b,,,,,,,B,B,B,B,B,B,B,B,B,AA,AB,BB,XY,1,4,prolific,0,9,0,0.0,1.0,0.0,0
p049,3,C,m,,,,A,A,A,A,B,A,A,A,A,,,,AA,AA,BB,BB,0,1,prolific,8,1,0,0.8888888888888888,0.1111111111111111,0.0,0
p050,2,R,m,,,,,,,A,A,A,A,A,B,B,B,B,A,A,B,B,0,3,prolific,5,4,0,0.5555555555555556,0.4444444444444444,0.0,0
p050,3,L,a,A,A,A,A,A,A,B,A,A,,,,,,,AA,AA,BB,BB,0,1,prolific,8,1,0,0.8888888888888888,0.1111111111111111,0.0,0
p050,2,C,b,,,,B,B,B,B,B,B,B,B,B,,,,A,A,B,B,0,4,prolific,0,9,0,0.0,1.0,0.0,0
p050,3,C,f,,,,A,A,A,A,A,B,B,B,B,,,,AA,AA,BB,BB,0,2,prolific,5,4,0,0.5555555555555556,0.4444444444444444,0.0,0
p051,3,C,a,,,,A,A,A,A,A,A,X,X,X,,,,XY,AA,BB,BB,1,1,prolific,6,0,3,0.6666666666666666,0.0,0.3333333333333333,1
p051,2,L,m,A,A,A,A,A,A,A,A,A,,,,,,,A,A,B,B,0,3,prolific,9,0,0,1.0,0.0,0.0,0
p051,2,R,b,,,,,,,B,B,B,B,B,B,B,B,B,A,A,B,B,0,2,prolific,0,9,0,0.0,1.0,0.0,0
p051,3,L,f,A,A,A,A,A,A,A,A,A,,,,,,,AA,AA,BB,BB,0,4,prolific,9,0,0,1.0,0.0,0.0,0
p052,2,R,a,,,,,,,B,B,B,B,B,B,B,B,B,A,A,B,B,0,2,prolific,0,9,0,0.0,1.0,0.0,0
p052,2,L,f,A,A,A,A,A,A,A,A,A,,,,,,,A,A,B,B,0,1,prolific,9,0,0,1.0,0.0,0.0,0
p052,3,R,m,,,,,,,B,B,B,B,B,B,B,B,B,AA,AA,BB,BB,0,4,prolific,0,9,0,0.0,1.0,0.0,0
p052,3,C,b,,,,A,A,A,A,B,B,B,B,B,,,,AA,AA,BB,BB,0,3,prolific,4,5,0,0.4444444444444444,0.5555555555555556,0.0,0
p053,3,R,a,,,,,,,A,A,A,X,X,X,B,B,B,AA,AA,BA,BB,0,1,prolific,3,3,3,0.3333333333333333,0.3333333333333333,0.3333333333333333,1
p053,2,R,f,,,,,,,A,A,A,A,A,A,A,A,B,A,A,B,B,0,3,prolific,8,1,0,0.8888888888888888,0.1111111111111111,0.0,0
p053,2,C,m,,,,B,B,B,B,B,B,B,B,B,,,,A,A,B,B,0,4,prolific,0,9,0,0.0,1.0,0.0,0
p053,3,L,b,A,A,A,A,B,B,B,B,B,,,,,,,AA,AA,BB,BB,0,2,prolific,4,5,0,0.4444444444444444,0.5555555555555556,0.0,0
p054,3,R,b,,,,,,,B,B,B,B,B,B,B,B,B,AA,AA,BB,BB,0,4,prolific,0,9,0,0.0,1.0,0.0,0
p054,2,C,f,,,,A,A,A,A,A,A,B,B,B,,,,A,A,B,B,0,1,prolific,6,3,0,0.6666666666666666,0.3333333333333333,0.0,0
p054,2,L,a,A,A,A,A,A,B,B,B,B,,,,,,,A,A,B,B,0,2,prolific,5,4,0,0.5555555555555556,0.4444444444444444,0.0,0
p054,3,C,m,,,,A,A,A,A,A,A,A,A,A,,,,AA,AA,BB,BB,0,3,prolific,9,0,0,1.0,0.0,0.0,0
p055,2,C,a,,,,A,A,A,A,A,A,B,B,B,,,,A,A,B,B,0,1,prolific,6,3,0,0.6666666666666666,0.3333333333333333,0.0,0
p055,2,L,b,X,X,A,X,X,X,X,B,B,,,,,,,A,A,B,B,0,2,prolific,1,2,6,0.1111111111111111,0.2222222222222222,0.6666666666666666,1
p055,3,R,f,,,,,,,A,A,A,A,A,A,A,A,A,AA,AA,AY,AY,2,3,prolific,9,0,0,1.0,0.0,0.0,0
p055,3,L,m,A,A,B,B,B,B,B,B,B,,,,,,,AA,AA,BB,BB,0,4,prolific,2,7,0,0.2222222222222222,0.7777777777777778,0.0,0
p057,2,L,m,A,A,A,A,A,A,A,A,A,,,,,,,A,A,B,B,0,3,prolific,9,0,0,1.0,0.0,0.0,0
p057,3,L,f,A,A,A,A,A,A,A,A,A,,,,,,,AA,AA,BB,BY,0,2,prolific,9,0,0,1.0,0.0,0.0,0
p057,2,R,b,,,,,,,B,B,B,B,B,B,B,B,B,A,A,B,X,1,4,prolific,0,9,0,0.0,1.0,0.0,0
p057,3,C,a,,,,A,B,B,B,B,B,B,B,B,,,,AY,AB,BB,BB,0,1,prolific,1,8,0,0.1111111111111111,0.8888888888888888,0.0,0
p058,3,C,b,,,,A,B,B,B,B,B,B,B,B,,,,AA,AA,BB,BB,0,1,prolific,1,8,0,0.1111111111111111,0.8888888888888888,0.0,0
p058,3,R,m,,,,,,,B,B,B,B,B,B,B,B,B,AA,AA,BB,BB,0,4,prolific,0,9,0,0.0,1.0,0.0,0
p058,2,R,a,,,,,,,X,X,X,X,X,X,B,B,B,A,A,B,B,0,2,prolific,0,3,6,0.0,0.3333333333333333,0.6666666666666666,1
p058,2,L,f,A,A,A,A,A,A,A,A,A,,,,,,,A,A,B,B,0,3,prolific,9,0,0,1.0,0.0,0.0,0
p059,2,L,f,A,A,A,A,A,A,A,A,A,,,,,,,A,A,B,B,0,4,prolific,9,0,0,1.0,0.0,0.0,0
p059,3,C,b,,,,B,B,B,B,A,B,B,B,A,,,,AB,AA,BB,BB,0,1,prolific,2,7,0,0.2222222222222222,0.7777777777777778,0.0,0
p059,2,R,a,,,,,,,A,B,B,B,B,B,B,B,B,A,A,B,B,0,2,prolific,1,8,0,0.1111111111111111,0.8888888888888888,0.0,0
p059,3,R,m,,,,,,,B,B,B,B,B,B,B,B,B,AA,AA,BB,BB,0,3,prolific,0,9,0,0.0,1.0,0.0,0
p060,3,R,f,,,,,,,A,A,A,B,B,B,B,B,B,XY,AA,BB,BB,1,1,prolific,3,6,0,0.3333333333333333,0.6666666666666666,0.0,0
p060,2,C,a,,,,B,B,B,B,B,B,B,B,B,,,,A,A,B,B,0,4,prolific,0,9,0,0.0,1.0,0.0,0
p060,2,L,b,A,A,X,X,X,X,X,X,X,,,,,,,A,A,B,B,0,3,prolific,2,0,7,0.2222222222222222,0.0,0.7777777777777778,1
p060,3,L,m,A,A,A,X,X,X,A,A,B,,,,,,,AA,AB,BB,BY,0,2,prolific,5,1,3,0.5555555555555556,0.1111111111111111,0.3333333333333333,1
p061,2,C,m,,,,X,X,X,X,X,X,X,B,B,,,,A,A,B,B,0,3,prolific,0,2,7,0.0,0.2222222222222222,0.7777777777777778,1
p061,3,L,b,A,A,A,A,A,X,X,X,X,,,,,,,AA,AA,BB,BB,0,1,prolific,5,0,4,0.5555555555555556,0.0,0.4444444444444444,1
p061,3,R,a,,,,,,,B,B,B,B,B,B,B,B,B,AA,AA,XY,XY,2,2,prolific,0,9,0,0.0,1.0,0.0,0
p061,2,R,f,,,,,,,A,A,A,A,A,A,B,A,B,A,A,B,B,0,4,prolific,7,2,0,0.7777777777777778,0.2222222222222222,0.0,0
p062,3,R,a,,,,,,,X,X,X,X,B,B,B,B,B,AA,AA,BB,BB,0,3,prolific,0,5,4,0.0,0.5555555555555556,0.4444444444444444,1
p062,2,R,f,,,,,,,X,X,X,X,X,X,X,X,B,A,A,B,B,0,4,prolific,0,1,8,0.0,0.1111111111111111,0.8888888888888888,1
p062,3,L,b,A,A,A,A,X,X,X,X,X,,,,,,,AA,AA,BB,BB,0,2,prolific,4,0,5,0.4444444444444444,0.0,0.5555555555555556,1
p062,2,C,m,,,,A,A,A,A,A,A,X,X,X,,,,A,A,B,B,0,1,prolific,6,0,3,0.6666666666666666,0.0,0.3333333333333333,1
p063,2,R,m,,,,,,,X,X,B,B,B,B,B,B,B,A,A,B,B,0,2,prolific,0,7,2,0.0,0.7777777777777778,0.2222222222222222,1
p063,3,C,f,,,,A,B,B,B,B,B,B,B,B,,,,AY,AA,BB,BB,0,4,prolific,1,8,0,0.1111111111111111,0.8888888888888888,0.0,0
p063,2,C,b,,,,A,A,A,A,X,X,X,X,X,,,,A,A,B,B,0,3,prolific,4,0,5,0.4444444444444444,0.0,0.5555555555555556,1
p063,3,L,a,A,A,A,A,A,A,A,A,A,,,,,,,XY,AA,BA,BB,1,1,prolific,9,0,0,1.0,0.0,0.0,0
p064,2,C,b,,,,A,A,A,A,A,B,B,B,B,,,,A,A,B,B,0,2,prolific,5,4,0,0.5555555555555556,0.4444444444444444,0.0,0
p064,3,C,f,,,,A,A,A,A,A,A,A,A,A,,,,AA,AA,BA,BA,0,3,prolific,9,0,0,1.0,0.0,0.0,0
p064,2,R,m,,,,,,,X,X,X,X,X,X,X,X,B,A,A,B,X,1,4,prolific,0,1,8,0.0,0.1111111111111111,0.8888888888888888,1
p064,3,L,a,A,A,A,A,A,A,A,B,A,,,,,,,XY,AA,BB,BB,1,1,prolific,8,1,0,0.8888888888888888,0.1111111111111111,0.0,0
p065,3,R,f,,,,,,,A,A,B,B,B,B,B,B,B,AY,AY,BB,BB,0,1,prolific,2,7,0,0.2222222222222222,0.7777777777777778,0.0,0
p065,2,L,b,A,A,X,X,X,X,X,X,X,,,,,,,A,A,B,B,0,4,prolific,2,0,7,0.2222222222222222,0.0,0.7777777777777778,1
p065,2,C,a,,,,B,B,B,B,B,B,B,B,B,,,,A,A,X,X,2,3,prolific,0,9,0,0.0,1.0,0.0,0
p065,3,L,m,A,A,A,A,A,A,A,A,A,,,,,,,AA,AA,BY,BY,0,2,prolific,9,0,0,1.0,0.0,0.0,0
p066,3,C,m,,,,B,B,B,B,B,B,B,B,B,,,,AA,AA,BA,BB,0,3,prolific,0,9,0,0.0,1.0,0.0,0
p066,2,L,a,A,A,A,A,A,A,A,A,A,,,,,,,A,A,B,B,0,2,prolific,9,0,0,1.0,0.0,0.0,0
p066,3,R,b,,,,,,,B,B,B,B,B,B,B,B,B,AA,AA,BB,BB,0,4,prolific,0,9,0,0.0,1.0,0.0,0
p066,2,C,f,,,,A,A,A,A,A,A,A,A,A,,,,A,A,B,B,0,1,prolific,9,0,0,1.0,0.0,0.0,0
p067,2,R,a,,,,,,,B,B,B,B,B,B,B,B,B,A,A,B,B,0,2,prolific,0,9,0,0.0,1.0,0.0,0
p067,3,R,m,,,,,,,B,B,B,B,B,B,B,B,B,AA,AB,BB,BB,0,4,prolific,0,9,0,0.0,1.0,0.0,0
p067,2,L,f,A,A,A,A,A,A,A,A,A,,,,,,,A,A,B,B,0,1,prolific,9,0,0,1.0,0.0,0.0,0
p067,3,C,b,,,,A,A,A,A,A,A,A,A,B,,,,AA,AA,BB,BB,0,3,prolific,8,1,0,0.8888888888888888,0.1111111111111111,0.0,0
p068,3,L,f,A,A,A,A,A,A,A,A,A,,,,,,,AA,AB,BB,BB,0,4,prolific,9,0,0,1.0,0.0,0.0,0
p068,2,R,b,,,,,,,X,X,X,X,B,B,B,B,B,A,A,B,B,0,3,prolific,0,5,4,0.0,0.5555555555555556,0.4444444444444444,1
p068,2,L,m,X,X,X,X,X,X,X,X,X,,,,,,,A,A,B,B,0,1,prolific,0,0,9,0.0,0.0,1.0,1
p068,3,C,a,,,,A,A,A,A,A,B,B,B,B,,,,AA,AA,BA,BB,0,2,prolific,5,4,0,0.5555555555555556,0.4444444444444444,0.0,0
p069,3,R,a,,,,,,,X,X,X,B,B,B,B,B,B,AA,AA,BB,BB,0,4,prolific,0,6,3,0.0,0.6666666666666666,0.3333333333333333,1
p069,2,R,f,,,,,,,X,X,X,X,X,B,B,B,B,A,A,B,B,0,3,prolific,0,4,5,0.0,0.4444444444444444,0.5555555555555556,1
p069,2,C,m,,,,X,X,X,X,X,X,X,X,X,,,,A,A,B,B,0,1,prolific,0,0,9,0.0,0.0,1.0,1
p069,3,L,b,A,X,A,X,X,X,X,X,X,,,,,,,AA,AB,BB,BB,0,2,prolific,2,0,7,0.2222222222222222,0.0,0.7777777777777778,1
p070,2,L,m,A,A,A,A,A,A,A,A,A,,,,,,,A,A,B,B,0,3,prolific,9,0,0,1.0,0.0,0.0,0
p070,2,R,b,,,,,,,B,B,B,B,B,B,B,B,B,A,A,B,B,0,4,prolific,0,9,0,0.0,1.0,0.0,0
p070,3,L,f,A,A,A,A,A,A,A,A,A,,,,,,,AB,AB,BB,BB,0,2,prolific,9,0,0,1.0,0.0,0.0,0
p070,3,C,a,,,,A,A,A,A,A,A,X,X,X,,,,AA,AA,BB,BB,0,1,prolific,6,0,3,0.6666666666666666,0.0,0.3333333333333333,1
p072,2,C,a,,,,X,X,X,X,X,X,X,X,B,,,,A,A,B,B,0,3,prolific,0,1,8,0.0,0.1111111111111111,0.8888888888888888,1
p072,3,L,m,X,X,X,X,X,X,X,X,X,,,,,,,AA,AA,BB,BY,0,4,prolific,0,0,9,0.0,0.0,1.0,1
p072,2,L,b,A,B,B,B,B,B,B,X,X,,,,,,,A,A,B,B,0,1,prolific,1,6,2,0.1111111111111111,0.6666666666666666,0.2222222222222222,1
p072,3,R,f,,,,,,,X,X,X,X,X,X,X,B,B,AA,AA,BB,BB,0,2,prolific,0,2,7,0.0,0.2222222222222222,0.7777777777777778,1
p074,2,L,m,A,A,X,X,X,X,X,X,B,,,,,,,A,X,B,B,1,4,prolific,2,1,6,0.2222222222222222,0.1111111111111111,0.6666666666666666,1
p074,3,L,f,A,A,A,A,A,A,A,A,A,,,,,,,AA,AA,AY,BB,1,3,prolific,9,0,0,1.0,0.0,0.0,0
p074,2,R,b,,,,,,,X,X,X,X,X,X,B,B,B,A,A,B,B,0,1,prolific,0,3,6,0.0,0.3333333333333333,0.6666666666666666,1
p074,3,C,a,,,,X,X,X,X,X,X,X,X,X,,,,AA,AA,BB,BB,0,2,prolific,0,0,9,0.0,0.0,1.0,1
p075,3,C,m,,,,X,B,B,B,X,B,B,B,B,,,,AY,AA,BB,BB,0,3,prolific,0,7,2,0.0,0.7777777777777778,0.2222222222222222,1
p075,2,C,f,,,,X,X,X,X,X,X,B,X,B,,,,A,A,B,X,1,4,prolific,0,2,7,0.0,0.2222222222222222,0.7777777777777778,1
p075,2,L,a,X,X,X,X,X,X,X,X,B,,,,,,,A,A,B,B,0,2,prolific,0,1,8,0.0,0.1111111111111111,0.8888888888888888,1
p075,3,R,b,,,,,,,B,B,B,B,B,A,A,A,X,AY,AY,BY,AY,1,1,prolific,3,5,1,0.3333333333333333,0.5555555555555556,0.1111111111111111,1
p076,2,C,b,,,,B,B,B,B,B,B,B,B,B,,,,A,A,B,B,0,4,prolific,0,9,0,0.0,1.0,0.0,0
p076,2,R,m,,,,,,,A,A,A,X,X,X,X,B,B,A,A,B,B,0,1,prolific,3,2,4,0.3333333333333333,0.2222222222222222,0.4444444444444444,1
p076,3,L,a,A,A,A,A,B,B,B,B,B,,,,,,,AA,AA,BB,XY,1,2,prolific,4,5,0,0.4444444444444444,0.5555555555555556,0.0,0
p076,3,C,f,,,,X,X,X,X,X,X,X,X,X,,,,AA,AA,BA,BB,0,3,prolific,0,0,9,0.0,0.0,1.0,1
p077,3,L,m,X,X,X,X,X,X,X,A,A,,,,,,,BY,AA,BB,BB,1,1,prolific,2,0,7,0.2222222222222222,0.0,0.7777777777777778,1
p077,2,C,a,,,,A,A,A,A,A,A,A,A,A,,,,A,A,B,X,1,4,prolific,9,0,0,1.0,0.0,0.0,0
p077,2,L,b,A,X,X,X,X,X,X,X,X,,,,,,,A,A,B,B,0,3,prolific,1,0,8,0.1111111111111111,0.0,0.8888888888888888,1
p077,3,R,f,,,,,,,X,X,X,X,X,X,B,X,X,AA,AA,BY,BY,0,2,prolific,0,1,8,0.0,0.1111111111111111,0.8888888888888888,1
p078,3,C,b,,,,B,B,B,B,B,B,B,B,B,,,,AB,AA,BB,BB,0,4,prolific,0,9,0,0.0,1.0,0.0,0
p078,2,R,a,,,,,,,X,X,X,X,X,X,B,B,B,A,A,B,B,0,3,prolific,0,3,6,0.0,0.3333333333333333,0.6666666666666666,1
p078,2,L,f,A,A,A,A,A,A,A,A,A,,,,,,,X,X,B,B,2,2,prolific,9,0,0,1.0,0.0,0.0,0
p078,3,R,m,,,,,,,A,B,B,B,B,B,B,B,B,AY,AA,BB,BB,0,1,prolific,1,8,0,0.1111111111111111,0.8888888888888888,0.0,0
p079,3,R,a,,,,,,,A,A,A,A,A,A,B,B,B,AA,AB,BB,BY,0,4,prolific,6,3,0,0.6666666666666666,0.3333333333333333,0.0,0
p079,2,R,f,,,,,,,A,X,X,X,X,X,B,X,B,A,A,B,B,0,1,prolific,1,2,6,0.1111111111111111,0.2222222222222222,0.6666666666666666,1
p079,3,L,b,A,A,A,B,A,A,A,A,B,,,,,,,AA,AA,BB,BB,0,3,prolific,7,2,0,0.7777777777777778,0.2222222222222222,0.0,0
p079,2,C,m,,,,X,X,X,X,X,X,X,X,X,,,,A,A,B,B,0,2,prolific,0,0,9,0.0,0.0,1.0,1
p080,2,C,a,,,,A,A,A,A,A,A,A,A,A,,,,A,A,B,B,0,4,prolific,9,0,0,1.0,0.0,0.0,0
p080,3,L,m,A,A,B,A,B,B,B,B,B,,,,,,,AA,AA,BB,BB,0,1,prolific,3,6,0,0.3333333333333333,0.6666666666666666,0.0,0
p080,3,R,f,,,,,,,B,B,B,B,B,B,B,B,B,AA,AA,BB,BB,0,2,prolific,0,9,0,0.0,1.0,0.0,0
p080,2,L,b,A,A,A,A,X,X,X,X,X,,,,,,,A,A,B,B,0,3,prolific,4,0,5,0.4444444444444444,0.0,0.5555555555555556,1
p082,2,R,m,,,,,,,X,X,X,X,X,X,X,X,X,A,A,B,B,0,2,prolific,0,0,9,0.0,0.0,1.0,1
p082,3,C,f,,,,A,A,A,A,A,A,A,B,B,,,,AA,AA,BB,BY,0,4,prolific,7,2,0,0.7777777777777778,0.2222222222222222,0.0,0
p082,3,L,a,A,A,A,A,B,B,B,B,B,,,,,,,AA,AA,BB,BB,0,3,prolific,4,5,0,0.4444444444444444,0.5555555555555556,0.0,0
p082,2,C,b,,,,A,A,A,A,A,B,B,B,B,,,,A,A,B,B,0,1,prolific,5,4,0,0.5555555555555556,0.4444444444444444,0.0,0
p083,2,R,a,,,,,,,X,X,X,X,X,X,X,X,X,A,A,B,B,0,4,prolific,0,0,9,0.0,0.0,1.0,1
p083,3,C,b,,,,A,X,X,X,X,X,X,X,X,,,,AA,AA,BA,BB,0,1,prolific,1,0,8,0.1111111111111111,0.0,0.8888888888888888,1
p083,3,R,m,,,,,,,X,X,X,X,X,X,X,X,B,AA,AA,BB,BB,0,3,prolific,0,1,8,0.0,0.1111111111111111,0.8888888888888888,1
p083,2,L,f,A,A,X,X,X,X,X,X,X,,,,,,,A,A,B,B,0,2,prolific,2,0,7,0.2222222222222222,0.0,0.7777777777777778,1
p084,2,R,m,,,,,,,B,A,A,B,A,B,B,A,A,A,A,A,B,1,2,prolific,5,4,0,0.5555555555555556,0.4444444444444444,0.0,0
p084,3,C,f,,,,A,A,A,A,A,A,A,B,B,,,,AA,AA,BB,BB,0,4,prolific,7,2,0,0.7777777777777778,0.2222222222222222,0.0,0
p084,3,L,a,A,A,A,A,A,A,A,A,A,,,,,,,AA,AA,BA,BA,0,3,prolific,9,0,0,1.0,0.0,0.0,0
p084,2,C,b,,,,B,B,B,B,B,X,X,X,X,,,,A,A,B,B,0,1,prolific,0,5,4,0.0,0.5555555555555556,0.4444444444444444,1
p085,2,L,a,X,X,B,X,B,A,A,A,B,,,,,,,X,A,A,X,3,1,prolific,3,3,3,0.3333333333333333,0.3333333333333333,0.3333333333333333,1
p085,2,C,f,,,,B,B,B,B,B,B,B,B,B,,,,A,A,B,B,0,2,prolific,0,9,0,0.0,1.0,0.0,0
p085,3,C,m,,,,B,X,X,X,X,X,B,B,B,,,,AB,AB,BB,BY,0,4,prolific,0,4,5,0.0,0.4444444444444444,0.5555555555555556,1
p085,3,R,b,,,,,,,X,X,X,X,X,X,X,X,X,AY,AA,BY,BY,0,3,prolific,0,0,9,0.0,0.0,1.0,1
p086,3,C,a,,,,A,A,A,A,A,A,X,X,X,,,,XY,AA,BB,BB,1,1,prolific,6,0,3,0.6666666666666666,0.0,0.3333333333333333,1
p086,2,L,m,A,A,A,A,A,B,B,B,B,,,,,,,A,A,B,B,0,4,prolific,5,4,0,0.5555555555555556,0.4444444444444444,0.0,0
p086,2,R,b,,,,,,,B,A,B,B,B,B,B,B,B,A,A,B,B,0,3,prolific,1,8,0,0.1111111111111111,0.8888888888888888,0.0,0
p086,3,L,f,A,A,A,A,A,B,B,B,B,,,,,,,AA,AA,BB,BB,0,2,prolific,5,4,0,0.5555555555555556,0.4444444444444444,0.0,0
p087,2,C,a,,,,A,A,A,A,A,A,A,A,A,,,,A,A,B,B,0,3,prolific,9,0,0,1.0,0.0,0.0,0
p087,3,R,f,,,,,,,B,B,B,B,B,B,B,B,B,AY,AB,BB,XY,1,4,prolific,0,9,0,0.0,1.0,0.0,0
p087,2,L,b,A,A,A,A,A,A,A,X,X,,,,,,,A,A,B,B,0,1,prolific,7,0,2,0.7777777777777778,0.0,0.2222222222222222,1
p087,3,L,m,A,A,A,A,X,X,X,B,B,,,,,,,AA,AB,BB,BB,0,2,prolific,4,2,3,0.4444444444444444,0.2222222222222222,0.3333333333333333,1
p088,2,R,a,,,,,,,A,A,A,X,X,X,X,B,B,A,A,B,B,0,1,prolific,3,2,4,0.3333333333333333,0.2222222222222222,0.4444444444444444,1
p088,2,L,f,A,A,X,X,X,X,X,X,X,,,,,,,A,A,B,B,0,4,prolific,2,0,7,0.2222222222222222,0.0,0.7777777777777778,1
p088,3,C,b,,,,B,B,B,B,B,B,B,B,B,,,,AA,AA,BB,BB,0,3,prolific,0,9,0,0.0,1.0,0.0,0
p088,3,R,m,,,,,,,B,B,B,B,B,B,B,B,B,AA,AA,BB,BB,0,2,prolific,0,9,0,0.0,1.0,0.0,0
p089,3,R,a,,,,,,,B,B,B,B,B,B,B,B,B,AA,AA,BB,AY,1,2,prolific,0,9,0,0.0,1.0,0.0,0
p089,3,L,b,A,A,A,A,A,A,A,B,B,,,,,,,AA,AB,BB,BB,0,1,prolific,7,2,0,0.7777777777777778,0.2222222222222222,0.0,0
p089,2,C,m,,,,X,X,X,X,X,X,X,X,B,,,,A,A,B,B,0,3,prolific,0,1,8,0.0,0.1111111111111111,0.8888888888888888,1
p089,2,R,f,,,,,,,X,X,X,X,X,X,X,X,B,A,A,B,B,0,4,prolific,0,1,8,0.0,0.1111111111111111,0.8888888888888888,1
p090,2,C,f,,,,A,A,A,A,A,A,X,X,B,,,,A,A,B,B,0,1,prolific,6,1,2,0.6666666666666666,0.1111111111111111,0.2222222222222222,1
p090,3,C,m,,,,B,A,B,B,B,B,B,B,B,,,,AA,AA,BB,BB,0,2,prolific,1,8,0,0.1111111111111111,0.8888888888888888,0.0,0
p090,2,L,a,A,A,A,A,A,A,A,A,A,,,,,,,A,A,B,B,0,3,prolific,9,0,0,1.0,0.0,0.0,0
p090,3,R,b,,,,,,,B,B,B,B,B,B,B,B,B,AB,AB,BB,BB,0,4,prolific,0,9,0,0.0,1.0,0.0,0
p091,3,C,f,,,,A,A,B,B,B,B,B,B,B,,,,AA,AA,XY,XY,2,2,prolific,2,7,0,0.2222222222222222,0.7777777777777778,0.0,0
p091,2,C,b,,,,A,A,A,B,A,A,A,A,B,,,,A,A,B,B,0,3,prolific,7,2,0,0.7777777777777778,0.2222222222222222,0.0,0
p091,3,L,a,A,A,A,A,A,A,A,A,B,,,,,,,XY,AA,BB,BB,1,1,prolific,8,1,0,0.8888888888888888,0.1111111111111111,0.0,0
p091,2,R,m,,,,,,,X,X,X,X,X,X,X,X,B,A,A,B,B,0,4,prolific,0,1,8,0.0,0.1111111111111111,0.8888888888888888,1
p092,3,C,a,,,,X,X,X,X,A,X,A,A,A,,,,AA,AA,BA,BY,0,2,prolific,4,0,5,0.4444444444444444,0.0,0.5555555555555556,1
p092,2,L,m,B,A,B,B,B,B,B,B,B,,,,,,,A,A,B,B,0,4,prolific,1,8,0,0.1111111111111111,0.8888888888888888,0.0,0
p092,2,R,b,,,,,,,B,B,B,B,B,B,B,B,B,A,A,B,B,0,3,prolific,0,9,0,0.0,1.0,0.0,0
p092,3,L,f,A,A,A,A,A,A,A,A,A,,,,,,,AA,AB,BB,BA,0,1,prolific,9,0,0,1.0,0.0,0.0,0
p093,2,L,b,A,A,A,A,A,A,A,A,A,,,,,,,A,A,B,B,0,3,prolific,9,0,0,1.0,0.0,0.0,0
p093,3,R,f,,,,,,,X,X,X,X,X,X,X,X,B,AY,AA,BB,BB,0,4,prolific,0,1,8,0.0,0.1111111111111111,0.8888888888888888,1
p093,2,C,a,,,,X,X,X,X,X,X,X,X,X,,,,A,A,B,B,0,2,prolific,0,0,9,0.0,0.0,1.0,1
p093,3,L,m,X,A,A,X,X,X,X,A,A,,,,,,,XY,AA,BA,BB,1,1,prolific,4,0,5,0.4444444444444444,0.0,0.5555555555555556,1
p095,2,C,m,,,,A,A,A,A,A,A,A,B,B,,,,A,A,B,B,0,3,prolific,7,2,0,0.7777777777777778,0.2222222222222222,0.0,0
p095,2,R,f,,,,,,,X,X,X,X,X,X,B,B,B,A,A,B,B,0,4,prolific,0,3,6,0.0,0.3333333333333333,0.6666666666666666,1
p095,3,L,b,A,B,B,B,B,B,B,B,B,,,,,,,AA,AA,BB,BB,0,2,prolific,1,8,0,0.1111111111111111,0.8888888888888888,0.0,0
p095,3,R,a,,,,,,,A,A,X,X,X,X,B,B,B,AA,AA,BB,BB,0,1,prolific,2,3,4,0.2222222222222222,0.3333333333333333,0.4444444444444444,1
p096,2,L,m,A,A,X,X,X,X,X,X,X,,,,,,,A,A,B,B,0,2,prolific,2,0,7,0.2222222222222222,0.0,0.7777777777777778,1
p096,3,C,a,,,,A,X,X,X,X,X,X,X,B,,,,AA,AA,BB,BB,0,3,prolific,1,1,7,0.1111111111111111,0.1111111111111111,0.7777777777777778,1
p096,2,R,b,,,,,,,A,A,X,X,X,X,X,X,B,A,A,B,B,0,1,prolific,2,1,6,0.2222222222222222,0.1111111111111111,0.6666666666666666,1
p096,3,L,f,A,A,X,X,X,X,X,X,X,,,,,,,AA,AA,BB,BB,0,4,prolific,2,0,7,0.2222222222222222,0.0,0.7777777777777778,1
p097,3,R,b,,,,,,,B,B,B,B,B,B,B,B,B,AA,AA,BB,BB,0,4,prolific,0,9,0,0.0,1.0,0.0,0
p097,2,C,f,,,,A,A,A,A,A,A,A,A,A,,,,A,A,B,B,0,3,prolific,9,0,0,1.0,0.0,0.0,0
p097,3,C,m,,,,A,A,A,A,A,A,A,X,X,,,,AA,AA,BB,BB,0,1,prolific,7,0,2,0.7777777777777778,0.0,0.2222222222222222,1
p097,2,L,a,A,A,A,A,X,X,B,B,B,,,,,,,A,A,B,X,1,2,prolific,4,3,2,0.4444444444444444,0.3333333333333333,0.2222222222222222,1
p098,2,C,b,,,,A,B,B,B,B,B,B,B,B,,,,A,A,B,B,0,2,prolific,1,8,0,0.1111111111111111,0.8888888888888888,0.0,0
p098,2,R,m,,,,,,,B,B,B,B,B,B,B,B,B,A,A,B,B,0,3,prolific,0,9,0,0.0,1.0,0.0,0
p098,3,L,a,A,A,B,B,B,B,B,B,B,,,,,,,AY,AA,BB,BB,0,4,prolific,2,7,0,0.2222222222222222,0.7777777777777778,0.0,0
p098,3,C,f,,,,A,A,A,X,X,X,X,X,X,,,,AA,AA,BB,BB,0,1,prolific,3,0,6,0.3333333333333333,0.0,0.6666666666666666,1
p099,3,C,b,,,,X,X,X,X,X,X,X,X,X,,,,AA,AA,BB,BB,0,4,prolific,0,0,9,0.0,0.0,1.0,1
p099,3,R,m,,,,,,,A,A,A,X,X,X,X,B,B,AA,AA,BB,BB,0,1,prolific,3,2,4,0.3333333333333333,0.2222222222222222,0.4444444444444444,1
p099,2,R,a,,,,,,,X,X,B,B,B,B,B,B,B,A,A,B,B,0,2,prolific,0,7,2,0.0,0.7777777777777778,0.2222222222222222,1
p099,2,L,f,A,A,A,X,X,X,X,X,X,,,,,,,A,A,B,B,0,3,prolific,3,0,6,0.3333333333333333,0.0,0.6666666666666666,1
p100,3,L,a,A,A,A,A,A,A,A,A,A,,,,,,,AA,AA,BB,BY,0,4,prolific,9,0,0,1.0,0.0,0.0,0
p100,2,R,m,,,,,,,A,A,X,X,A,X,X,B,B,A,A,A,B,1,1,prolific,3,2,4,0.3333333333333333,0.2222222222222222,0.4444444444444444,1
p100,3,C,f,,,,A,A,A,A,A,A,A,A,A,,,,AA,AA,AB,AB,2,3,prolific,9,0,0,1.0,0.0,0.0,0
p100,2,C,b,,,,A,B,B,B,B,A,A,B,B,,,,A,A,B,B,0,2,prolific,3,6,0,0.3333333333333333,0.6666666666666666,0.0,0
p101,3,C,a,,,,A,A,A,A,A,B,B,B,B,,,,AA,AB,BB,BB,0,1,prolific,5,4,0,0.5555555555555556,0.4444444444444444,0.0,0
p101,2,L,m,A,X,X,X,X,X,X,B,B,,,,,,,A,A,B,B,0,2,prolific,1,2,6,0.1111111111111111,0.2222222222222222,0.6666666666666666,1
p101,2,R,b,,,,,,,B,B,B,B,B,B,B,B,B,A,A,B,B,0,4,prolific,0,9,0,0.0,1.0,0.0,0
p101,3,L,f,A,A,A,A,A,A,A,A,A,,,,,,,AA,AA,BB,BB,0,3,prolific,9,0,0,1.0,0.0,0.0,0
p102,3,C,m,,,,X,X,X,X,X,X,X,B,B,,,,AA,AA,BB,BB,0,2,prolific,0,2,7,0.0,0.2222222222222222,0.7777777777777778,1
p102,3,R,b,,,,,,,B,B,B,B,B,B,B,B,B,AY,AY,BB,BB,0,4,prolific,0,9,0,0.0,1.0,0.0,0
p102,2,L,a,A,A,A,A,A,A,A,A,A,,,,,,,A,A,B,B,0,3,prolific,9,0,0,1.0,0.0,0.0,0
p102,2,C,f,,,,A,A,A,A,A,X,X,X,X,,,,A,A,B,B,0,1,prolific,5,0,4,0.5555555555555556,0.0,0.4444444444444444,1
p103,3,L,m,A,A,A,A,A,A,A,A,A,,,,,,,AA,AA,BB,BB,0,1,prolific,9,0,0,1.0,0.0,0.0,0
p103,2,C,a,,,,X,X,X,X,X,X,X,X,X,,,,A,A,B,B,0,2,prolific,0,0,9,0.0,0.0,1.0,1
p103,3,R,f,,,,,,,A,A,B,B,B,B,B,B,B,AA,AA,BB,BB,0,4,prolific,2,7,0,0.2222222222222222,0.7777777777777778,0.0,0
p103,2,L,b,A,A,X,X,X,X,X,X,X,,,,,,,A,A,B,B,0,3,prolific,2,0,7,0.2222222222222222,0.0,0.7777777777777778,1
p104,3,R,m,,,,,,,B,B,B,B,B,B,B,B,B,AA,AA,BA,BA,0,3,prolific,0,9,0,0.0,1.0,0.0,0
p104,2,R,a,,,,,,,X,X,X,X,X,X,B,B,B,A,A,B,B,0,1,prolific,0,3,6,0.0,0.3333333333333333,0.6666666666666666,1
p104,2,L,f,A,A,A,A,A,A,A,A,A,,,,,,,A,A,B,X,1,4,prolific,9,0,0,1.0,0.0,0.0,0
p104,3,C,b,,,,X,X,X,X,X,B,B,B,B,,,,AA,AB,BB,BB,0,2,prolific,0,4,5,0.0,0.4444444444444444,0.5555555555555556,1
p105,2,R,f,,,,,,,X,X,X,X,X,X,X,X,X,A,A,B,B,0,3,prolific,0,0,9,0.0,0.0,1.0,1
p105,3,L,b,X,X,X,X,X,X,X,X,X,,,,,,,AY,AY,BY,BY,0,4,prolific,0,0,9,0.0,0.0,1.0,1
p105,2,C,m,,,,X,X,X,X,X,X,X,X,X,,,,A,A,B,B,0,1,prolific,0,0,9,0.0,0.0,1.0,1
p105,3,R,a,,,,,,,X,X,X,X,X,X,B,B,B,AA,AA,BB,BB,0,2,prolific,0,3,6,0.0,0.3333333333333333,0.6666666666666666,1
p106,3,C,m,,,,A,B,B,B,B,B,B,B,B,,,,AB,BA,BB,BY,1,4,prolific,1,8,0,0.1111111111111111,0.8888888888888888,0.0,0
p106,2,L,a,A,A,A,A,A,A,A,A,A,,,,,,,X,X,B,B,2,1,prolific,9,0,0,1.0,0.0,0.0,0
p106,3,R,b,,,,,,,B,B,B,B,B,B,B,B,B,AA,AA,BB,BB,0,2,prolific,0,9,0,0.0,1.0,0.0,0
p106,2,C,f,,,,X,X,X,X,X,X,X,X,X,,,,A,A,B,B,0,3,prolific,0,0,9,0.0,0.0,1.0,1
p107,3,L,f,A,A,A,A,A,A,A,B,B,,,,,,,AA,AA,BB,BB,0,2,prolific,7,2,0,0.7777777777777778,0.2222222222222222,0.0,0
p107,3,C,a,,,,A,A,A,A,A,A,X,X,B,,,,AA,AA,BB,BB,0,1,prolific,6,1,2,0.6666666666666666,0.1111111111111111,0.2222222222222222,1
p107,2,R,b,,,,,,,X,X,B,B,B,B,B,B,B,A,A,B,B,0,3,prolific,0,7,2,0.0,0.7777777777777778,0.2222222222222222,1
p107,2,L,m,A,A,A,A,A,A,A,B,B,,,,,,,A,A,B,B,0,4,prolific,7,2,0,0.7777777777777778,0.2222222222222222,0.0,0
p109,2,C,b,,,,A,B,B,B,B,B,B,B,B,,,,A,A,B,B,0,4,prolific,1,8,0,0.1111111111111111,0.8888888888888888,0.0,0
p109,2,R,m,,,,,,,A,A,X,X,X,X,X,B,B,A,A,B,B,0,1,prolific,2,2,5,0.2222222222222222,0.2222222222222222,0.5555555555555556,1
p109,3,C,f,,,,X,X,X,X,X,X,X,X,X,,,,AA,AB,BY,BY,0,2,prolific,0,0,9,0.0,0.0,1.0,1
p109,3,L,a,A,A,A,A,A,A,A,A,A,,,,,,,AA,AA,BB,BB,0,3,prolific,9,0,0,1.0,0.0,0.0,0
p110,2,C,a,,,,A,A,A,A,A,A,A,B,B,,,,A,A,B,B,0,3,prolific,7,2,0,0.7777777777777778,0.2222222222222222,0.0,0
p110,3,R,f,,,,,,,A,A,A,A,B,B,B,B,B,AA,AY,BB,BB,0,2,prolific,4,5,0,0.4444444444444444,0.5555555555555556,0.0,0
p110,3,L,m,A,B,B,B,B,B,B,B,B,,,,,,,AB,AB,BB,BB,0,4,prolific,1,8,0,0.1111111111111111,0.8888888888888888,0.0,0
p110,2,L,b,A,B,B,B,B,B,B,B,B,,,,,,,A,A,B,B,0,1,prolific,1,8,0,0.1111111111111111,0.8888888888888888,0.0,0
p111,2,C,b,,,,X,X,X,X,B,B,B,B,B,,,,A,A,B,B,0,3,prolific,0,5,4,0.0,0.5555555555555556,0.4444444444444444,1
p111,2,R,m,,,,,,,B,B,B,B,B,B,B,B,B,A,A,B,B,0,4,prolific,0,9,0,0.0,1.0,0.0,0
p111,3,C,f,,,,X,X,X,X,X,X,X,X,B,,,,AA,AA,BB,BB,0,2,prolific,0,1,8,0.0,0.1111111111111111,0.8888888888888888,1
p111,3,L,a,A,A,A,A,A,X,X,X,X,,,,,,,AA,AA,BB,BB,0,1,prolific,5,0,4,0.5555555555555556,0.0,0.4444444444444444,1
p112,2,C,m,,,,A,A,A,A,A,A,A,A,A,,,,A,A,B,B,0,3,prolific,9,0,0,1.0,0.0,0.0,0
p112,2,R,f,,,,,,,A,A,A,A,A,A,A,A,B,A,A,B,B,0,4,prolific,8,1,0,0.8888888888888888,0.1111111111111111,0.0,0
p112,3,L,b,A,A,A,A,A,A,A,A,A,,,,,,,AA,AA,BB,BB,0,1,prolific,9,0,0,1.0,0.0,0.0,0
p112,3,R,a,,,,,,,B,B,B,B,B,B,B,B,B,AA,AA,BB,BB,0,2,prolific,0,9,0,0.0,1.0,0.0,0
p113,3,C,a,,,,X,X,B,X,B,B,B,B,B,,,,AA,AA,BB,BB,0,2,prolific,0,6,3,0.0,0.6666666666666666,0.3333333333333333,1
p113,2,L,m,A,A,A,A,A,A,A,A,A,,,,,,,A,A,B,B,0,1,prolific,9,0,0,1.0,0.0,0.0,0
p113,3,L,f,A,A,B,B,B,B,B,B,B,,,,,,,AY,AY,BB,XY,1,4,prolific,2,7,0,0.2222222222222222,0.7777777777777778,0.0,0
p113,2,R,b,,,,,,,X,X,X,X,B,B,B,B,B,A,A,B,B,0,3,prolific,0,5,4,0.0,0.5555555555555556,0.4444444444444444,1
p114,2,C,a,,,,X,X,X,X,X,X,X,X,X,,,,A,A,B,B,0,1,prolific,0,0,9,0.0,0.0,1.0,1
p114,2,L,b,X,X,X,X,X,X,X,X,B,,,,,,,A,A,B,B,0,2,prolific,0,1,8,0.0,0.1111111111111111,0.8888888888888888,1
p114,3,R,f,,,,,,,B,B,B,B,B,B,B,B,B,AY,AY,BB,BB,0,3,prolific,0,9,0,0.0,1.0,0.0,0
p114,3,L,m,A,A,A,A,A,A,A,B,B,,,,,,,AA,AB,BB,BY,0,4,prolific,7,2,0,0.7777777777777778,0.2222222222222222,0.0,0
p115,2,R,a,,,,,,,B,B,B,B,B,B,B,B,B,A,A,B,B,0,4,prolific,0,9,0,0.0,1.0,0.0,0
p115,3,C,b,,,,A,A,A,A,B,B,B,B,B,,,,XY,AA,BB,BB,1,1,prolific,4,5,0,0.4444444444444444,0.5555555555555556,0.0,0
p115,2,L,f,A,A,A,A,A,A,A,A,A,,,,,,,A,A,B,B,0,2,prolific,9,0,0,1.0,0.0,0.0,0
p115,3,R,m,,,,,,,B,B,B,B,B,B,B,B,B,AA,AA,BB,BB,0,3,prolific,0,9,0,0.0,1.0,0.0,0
p116,3,L,b,B,A,B,B,A,A,A,A,B,,,,,,,AB,AB,AB,BB,1,4,prolific,5,4,0,0.5555555555555556,0.4444444444444444,0.0,0
p116,3,R,a,,,,,,,B,B,B,B,B,B,B,B,B,AA,AA,BB,BB,0,2,prolific,0,9,0,0.0,1.0,0.0,0
p116,2,R,f,,,,,,,A,A,A,B,B,B,B,B,B,A,A,B,B,0,3,prolific,3,6,0,0.3333333333333333,0.6666666666666666,0.0,0
p116,2,C,m,,,,A,A,A,B,B,A,A,B,B,,,,A,A,B,A,1,1,prolific,5,4,0,0.5555555555555556,0.4444444444444444,0.0,0
p117,2,R,m,,,,,,,B,B,B,B,B,B,B,B,B,A,A,B,B,0,2,prolific,0,9,0,0.0,1.0,0.0,0
p117,3,C,f,,,,X,X,X,X,X,X,X,X,B,,,,AA,AA,BB,BY,0,4,prolific,0,1,8,0.0,0.1111111111111111,0.8888888888888888,1
p117,2,C,b,,,,A,A,A,A,A,A,X,X,X,,,,A,A,B,B,0,1,prolific,6,0,3,0.6666666666666666,0.0,0.3333333333333333,1
p117,3,L,a,A,A,X,X,X,X,B,B,B,,,,,,,AA,AA,BB,BB,0,3,prolific,2,3,4,0.2222222222222222,0.3333333333333333,0.4444444444444444,1
p118,2,L,m,A,A,A,A,A,A,A,A,A,,,,,,,A,A,B,B,0,2,prolific,9,0,0,1.0,0.0,0.0,0
p118,2,R,b,,,,,,,A,A,A,B,B,B,B,B,B,A,A,B,B,0,3,prolific,3,6,0,0.3333333333333333,0.6666666666666666,0.0,0
p118,3,C,a,,,,B,B,B,B,B,B,B,B,B,,,,AA,AA,BB,BB,0,4,prolific,0,9,0,0.0,1.0,0.0,0
p118,3,L,f,A,A,A,A,A,A,A,A,X,,,,,,,AA,AA,BB,BB,0,1,prolific,8,0,1,0.8888888888888888,0.0,0.1111111111111111,1
p119,2,L,b,X,X,X,X,X,X,X,X,B,,,,,,,A,A,B,B,0,4,prolific,0,1,8,0.0,0.1111111111111111,0.8888888888888888,1
p119,3,R,f,,,,,,,B,B,B,B,B,B,B,B,B,AA,AY,BB,BB,0,3,prolific,0,9,0,0.0,1.0,0.0,0
p119,3,L,m,A,A,A,A,A,A,A,A,A,,,,,,,XY,AA,BB,BB,1,1,prolific,9,0,0,1.0,0.0,0.0,0
p119,2,C,a,,,,X,X,X,X,B,B,B,B,B,,,,A,A,B,B,0,2,prolific,0,5,4,0.0,0.5555555555555556,0.4444444444444444,1
p120,2,L,f,A,A,X,A,X,X,X,X,X,,,,,,,A,A,B,B,0,2,prolific,3,0,6,0.3333333333333333,0.0,0.6666666666666666,1
p120,2,R,a,,,,,,,X,X,X,X,X,X,X,X,B,A,A,B,B,0,3,prolific,0,1,8,0.0,0.1111111111111111,0.8888888888888888,1
p120,3,C,b,,,,A,A,A,A,A,A,A,X,X,,,,AA,AA,BB,BB,0,1,prolific,7,0,2,0.7777777777777778,0.0,0.2222222222222222,1
p120,3,R,m,,,,,,,B,B,B,B,B,B,B,B,B,AA,AA,BB,BB,0,4,prolific,0,9,0,0.0,1.0,0.0,0
p121,2,L,m,A,A,A,A,A,A,A,A,A,,,,,,,A,A,B,B,0,1,prolific,9,0,0,1.0,0.0,0.0,0
p121,2,R,b,,,,,,,B,B,B,B,B,B,B,B,B,A,A,B,B,0,3,prolific,0,9,0,0.0,1.0,0.0,0
p121,3,L,f,A,A,A,A,A,A,A,A,A,,,,,,,AA,AA,BB,BB,0,4,prolific,9,0,0,1.0,0.0,0.0,0
p121,3,C,a,,,,A,A,B,B,B,B,B,B,B,,,,AA,AA,BB,BB,0,2,prolific,2,7,0,0.2222222222222222,0.7777777777777778,0.0,0
p122,2,R,f,,,,,,,X,X,X,X,X,X,X,X,B,X,A,B,B,1,2,prolific,0,1,8,0.0,0.1111111111111111,0.8888888888888888,1
p122,2,C,m,,,,A,B,B,B,A,B,B,B,B,,,,A,A,B,B,0,4,prolific,2,7,0,0.2222222222222222,0.7777777777777778,0.0,0
p122,3,L,b,A,A,A,A,B,B,B,B,B,,,,,,,AA,AA,BA,BB,0,3,prolific,4,5,0,0.4444444444444444,0.5555555555555556,0.0,0
p122,3,R,a,,,,,,,A,X,X,X,X,X,X,X,B,AA,AA,BB,BB,0,1,prolific,1,1,7,0.1111111111111111,0.1111111111111111,0.7777777777777778,1
p123,2,C,a,,,,X,X,X,X,X,X,X,X,X,,,,A,A,B,B,0,4,prolific,0,0,9,0.0,0.0,1.0,1
p123,3,L,m,A,A,A,A,A,A,A,A,A,,,,,,,AA,AA,BB,BB,0,1,prolific,9,0,0,1.0,0.0,0.0,0
p123,3,R,f,,,,,,,A,A,A,A,A,A,A,A,A,AA,AA,BB,BB,0,3,prolific,9,0,0,1.0,0.0,0.0,0
p123,2,L,b,A,B,A,X,X,X,B,B,B,,,,,,,A,A,B,B,0,2,prolific,2,4,3,0.2222222222222222,0.4444444444444444,0.3333333333333333,1
p124,2,L,f,A,A,A,A,A,A,A,A,A,,,,,,,A,A,B,B,0,1,prolific,9,0,0,1.0,0.0,0.0,0
p124,3,R,m,,,,,,,A,A,A,A,A,A,A,A,A,AA,AA,AB,AB,2,3,prolific,9,0,0,1.0,0.0,0.0,0
p124,2,R,a,,,,,,,B,B,B,B,B,B,B,B,B,A,A,B,B,0,4,prolific,0,9,0,0.0,1.0,0.0,0
p124,3,C,b,,,,A,A,B,B,B,B,B,B,B,,,,AA,AA,BB,BB,0,2,prolific,2,7,0,0.2222222222222222,0.7777777777777778,0.0,0
p125,2,R,f,,,,,,,X,X,X,B,B,B,B,B,B,A,A,B,B,0,2,prolific,0,6,3,0.0,0.6666666666666666,0.3333333333333333,1
p125,2,C,m,,,,A,A,A,A,A,A,A,X,B,,,,A,A,B,B,0,1,prolific,7,1,1,0.7777777777777778,0.1111111111111111,0.1111111111111111,1
p125,3,L,b,A,A,A,A,A,A,A,A,A,,,,,,,AA,AA,BB,BB,0,3,prolific,9,0,0,1.0,0.0,0.0,0
p125,3,R,a,,,,,,,B,B,B,B,B,B,B,B,B,AB,AA,BB,BB,0,4,prolific,0,9,0,0.0,1.0,0.0,0
p126,2,R,b,,,,,,,B,A,B,B,B,B,B,B,B,A,A,B,B,0,4,prolific,1,8,0,0.1111111111111111,0.8888888888888888,0.0,0
p126,3,L,f,A,A,A,A,A,A,A,A,A,,,,,,,AA,AA,BB,BB,0,3,prolific,9,0,0,1.0,0.0,0.0,0
p126,3,C,a,,,,A,A,A,A,A,B,B,B,B,,,,XY,AA,BB,BB,1,1,prolific,5,4,0,0.5555555555555556,0.4444444444444444,0.0,0
p126,2,L,m,X,X,X,X,X,X,X,X,X,,,,,,,A,A,B,B,0,2,prolific,0,0,9,0.0,0.0,1.0,1
p127,3,C,m,,,,A,A,B,B,B,B,B,B,B,,,,AA,AA,BB,XY,1,4,prolific,2,7,0,0.2222222222222222,0.7777777777777778,0.0,0
p127,2,C,f,,,,X,X,X,X,X,B,B,B,B,,,,A,A,B,B,0,2,prolific,0,4,5,0.0,0.4444444444444444,0.5555555555555556,1
p127,3,R,b,,,,,,,B,B,B,B,B,B,B,B,B,AY,AA,BB,BB,0,1,prolific,0,9,0,0.0,1.0,0.0,0
p127,2,L,a,A,A,A,A,A,X,X,X,X,,,,,,,A,A,B,B,0,3,prolific,5,0,4,0.5555555555555556,0.0,0.4444444444444444,1
p128,3,R,f,,,,,,,A,A,A,A,A,A,A,A,A,AA,AA,BB,BY,0,3,prolific,9,0,0,1.0,0.0,0.0,0
p128,2,C,a,,,,X,X,X,X,X,X,X,X,X,,,,A,A,B,B,0,4,prolific,0,0,9,0.0,0.0,1.0,1
p128,2,L,b,A,A,A,X,X,B,B,B,B,,,,,,,A,A,B,B,0,2,prolific,3,4,2,0.3333333333333333,0.4444444444444444,0.2222222222222222,1
p128,3,L,m,A,A,A,A,A,A,A,A,A,,,,,,,AA,AA,BB,BB,0,1,prolific,9,0,0,1.0,0.0,0.0,0
p129,2,R,f,,,,,,,X,X,X,X,X,X,X,X,B,A,A,B,B,0,2,prolific,0,1,8,0.0,0.1111111111111111,0.8888888888888888,1
p129,3,L,b,A,A,B,B,B,B,B,B,B,,,,,,,AA,AA,BB,BB,0,4,prolific,2,7,0,0.2222222222222222,0.7777777777777778,0.0,0
p129,3,R,a,,,,,,,X,X,X,X,X,X,B,B,B,AA,AB,BB,BB,0,3,prolific,0,3,6,0.0,0.3333333333333333,0.6666666666666666,1
p129,2,C,m,,,,A,A,A,X,X,X,X,X,X,,,,A,A,B,B,0,1,prolific,3,0,6,0.3333333333333333,0.0,0.6666666666666666,1
p130,2,R,a,,,,,,,X,X,X,X,X,B,B,B,B,A,A,B,B,0,4,prolific,0,4,5,0.0,0.4444444444444444,0.5555555555555556,1
p130,3,C,b,,,,A,A,A,A,X,X,X,X,X,,,,AA,AA,BB,BB,0,1,prolific,4,0,5,0.4444444444444444,0.0,0.5555555555555556,1
p130,3,R,m,,,,,,,B,B,B,B,B,B,B,B,B,AA,AA,BB,BB,0,3,prolific,0,9,0,0.0,1.0,0.0,0
p130,2,L,f,A,A,A,A,A,A,A,B,B,,,,,,,A,A,X,X,2,2,prolific,7,2,0,0.7777777777777778,0.2222222222222222,0.0,0
p131,3,L,a,A,A,A,A,A,X,X,X,X,,,,,,,AA,AA,BB,BY,0,4,prolific,5,0,4,0.5555555555555556,0.0,0.4444444444444444,1
p131,2,R,m,,,,,,,X,X,X,X,X,X,X,X,X,A,A,B,B,0,1,prolific,0,0,9,0.0,0.0,1.0,1
p131,3,C,f,,,,A,A,A,B,B,B,B,B,B,,,,AA,AA,BB,XY,1,2,prolific,3,6,0,0.3333333333333333,0.6666666666666666,0.0,0
p131,2,C,b,,,,X,X,X,X,X,X,X,X,X,,,,A,A,B,B,0,3,prolific,0,0,9,0.0,0.0,1.0,1
p132,2,L,a,A,A,A,A,A,A,A,A,A,,,,,,,A,A,B,B,0,4,prolific,9,0,0,1.0,0.0,0.0,0
p132,3,C,m,,,,A,A,A,A,A,A,X,X,X,,,,AA,AA,BB,BB,0,1,prolific,6,0,3,0.6666666666666666,0.0,0.3333333333333333,1
p132,3,R,b,,,,,,,B,B,B,B,B,B,B,B,B,AA,AA,BB,BB,0,3,prolific,0,9,0,0.0,1.0,0.0,0
p132,2,C,f,,,,X,X,X,X,X,X,X,X,B,,,,A,A,B,B,0,2,prolific,0,1,8,0.0,0.1111111111111111,0.8888888888888888,1
p133,2,R,b,,,,,,,B,B,B,B,B,B,B,B,B,A,A,B,B,0,2,prolific,0,9,0,0.0,1.0,0.0,0
p133,3,L,f,A,A,A,A,A,A,A,A,B,,,,,,,AA,AA,BB,BB,0,4,prolific,8,1,0,0.8888888888888888,0.1111111111111111,0.0,0
p133,3,C,a,,,,A,A,A,A,A,B,B,B,B,,,,AA,AA,BB,BB,0,3,prolific,5,4,0,0.5555555555555556,0.4444444444444444,0.0,0
p133,2,L,m,A,A,A,A,A,A,X,X,X,,,,,,,A,A,B,B,0,1,prolific,6,0,3,0.6666666666666666,0.0,0.3333333333333333,1
p134,2,R,a,,,,,,,A,A,A,A,X,B,B,B,B,A,A,B,B,0,1,prolific,4,4,1,0.4444444444444444,0.4444444444444444,0.1111111111111111,1
p134,2,L,f,A,A,A,A,A,A,B,B,B,,,,,,,A,A,B,B,0,4,prolific,6,3,0,0.6666666666666666,0.3333333333333333,0.0,0
p134,3,C,b,,,,B,B,B,B,B,B,B,B,B,,,,AA,AA,BB,BB,0,3,prolific,0,9,0,0.0,1.0,0.0,0
p134,3,R,m,,,,,,,B,B,B,B,B,B,B,B,B,AA,AA,BB,BB,0,2,prolific,0,9,0,0.0,1.0,0.0,0
p135,2,C,a,,,,A,A,A,B,B,B,B,B,B,,,,A,A,B,X,1,4,prolific,3,6,0,0.3333333333333333,0.6666666666666666,0.0,0
p135,3,L,m,A,A,A,A,A,A,A,X,X,,,,,,,AA,AA,BB,BB,0,1,prolific,7,0,2,0.7777777777777778,0.0,0.2222222222222222,1
p135,3,R,f,,,,,,,X,X,B,B,B,B,B,B,B,AA,AA,BB,BB,0,2,prolific,0,7,2,0.0,0.7777777777777778,0.2222222222222222,1
p135,2,L,b,A,X,X,X,X,X,X,X,X,,,,,,,A,A,B,B,0,3,prolific,1,0,8,0.1111111111111111,0.0,0.8888888888888888,1
p136,3,R,a,,,,,,,X,X,X,X,X,X,X,X,B,AA,AA,BB,BB,0,4,prolific,0,1,8,0.0,0.1111111111111111,0.8888888888888888,1
p136,2,R,f,,,,,,,X,X,X,X,X,X,X,B,B,A,A,B,B,0,1,prolific,0,2,7,0.0,0.2222222222222222,0.7777777777777778,1
p136,3,L,b,A,A,X,X,X,X,X,X,X,,,,,,,AA,AA,BB,BB,0,3,prolific,2,0,7,0.2222222222222222,0.0,0.7777777777777778,1
p136,2,C,m,,,,X,X,X,X,X,X,X,B,B,,,,A,A,B,B,0,2,prolific,0,2,7,0.0,0.2222222222222222,0.7777777777777778,1
p137,2,R,m,,,,,,,B,B,B,B,B,B,B,B,B,A,A,B,B,0,2,prolific,0,9,0,0.0,1.0,0.0,0
p137,3,C,f,,,,A,A,A,A,A,A,A,A,A,,,,AA,AA,BB,BB,0,4,prolific,9,0,0,1.0,0.0,0.0,0
p137,3,L,a,A,A,A,A,A,A,A,A,A,,,,,,,AA,AA,BB,BB,0,3,prolific,9,0,0,1.0,0.0,0.0,0
p137,2,C,b,,,,A,A,A,A,A,X,X,X,X,,,,A,A,B,B,0,1,prolific,5,0,4,0.5555555555555556,0.0,0.4444444444444444,1
p138,2,L,a,A,A,A,A,A,A,A,A,A,,,,,,,A,A,B,B,0,1,prolific,9,0,0,1.0,0.0,0.0,0
p138,2,C,f,,,,A,X,B,B,B,B,B,B,B,,,,A,A,B,B,0,2,prolific,1,7,1,0.1111111111111111,0.7777777777777778,0.1111111111111111,1
p138,3,C,m,,,,A,B,B,A,A,B,B,B,B,,,,AA,AA,BB,BB,0,4,prolific,3,6,0,0.3333333333333333,0.6666666666666666,0.0,0
p138,3,R,b,,,,,,,B,B,B,B,B,B,B,B,B,AA,AA,BB,BB,0,3,prolific,0,9,0,0.0,1.0,0.0,0
p139,3,C,a,,,,B,B,B,B,B,B,B,B,B,,,,AA,AB,BB,BB,0,1,prolific,0,9,0,0.0,1.0,0.0,0
p139,2,L,m,A,A,A,A,A,A,A,A,A,,,,,,,A,A,B,X,1,4,prolific,9,0,0,1.0,0.0,0.0,0
p139,2,R,b,,,,,,,B,B,B,B,B,B,B,B,B,A,A,B,B,0,3,prolific,0,9,0,0.0,1.0,0.0,0
p139,3,L,f,A,A,A,A,A,A,A,A,A,,,,,,,AA,AA,BB,BB,0,2,prolific,9,0,0,1.0,0.0,0.0,0
p140,3,C,f,,,,B,B,B,A,A,A,A,A,B,,,,AA,AA,BB,XY,1,2,prolific,5,4,0,0.5555555555555556,0.4444444444444444,0.0,0
p140,2,R,m,,,,,,,B,B,B,X,X,X,X,B,B,B,A,B,A,2,1,prolific,0,5,4,0.0,0.5555555555555556,0.4444444444444444,1
p140,3,L,a,A,A,A,X,X,X,X,X,X,,,,,,,AA,AA,BB,BY,0,4,prolific,3,0,6,0.3333333333333333,0.0,0.6666666666666666,1
p140,2,C,b,,,,X,X,X,X,X,X,X,X,X,,,,A,A,B,B,0,3,prolific,0,0,9,0.0,0.0,1.0,1
p141,3,L,b,A,A,X,X,X,X,X,X,X,,,,,,,AA,AA,BB,BB,0,1,prolific,2,0,7,0.2222222222222222,0.0,0.7777777777777778,1
p141,2,R,f,,,,,,,X,X,B,B,B,B,B,B,B,A,A,B,B,0,2,prolific,0,7,2,0.0,0.7777777777777778,0.2222222222222222,1
p141,3,R,a,,,,,,,B,B,B,B,B,B,B,B,B,AA,AA,BB,BB,0,3,prolific,0,9,0,0.0,1.0,0.0,0
p141,2,C,m,,,,X,X,X,X,X,X,X,X,X,,,,A,A,B,B,0,4,prolific,0,0,9,0.0,0.0,1.0,1
p142,2,L,a,A,A,A,A,A,B,B,B,B,,,,,,,A,A,B,B,0,2,prolific,5,4,0,0.5555555555555556,0.4444444444444444,0.0,0
p142,3,C,m,,,,A,A,A,A,A,A,A,A,B,,,,AA,AA,BB,BB,0,1,prolific,8,1,0,0.8888888888888888,0.1111111111111111,0.0,0
p142,2,C,f,,,,A,A,A,A,A,X,B,B,B,,,,A,A,B,B,0,3,prolific,5,3,1,0.5555555555555556,0.3333333333333333,0.1111111111111111,1
p142,3,R,b,,,,,,,B,B,B,B,B,B,B,B,B,AA,AA,BB,BB,0,4,prolific,0,9,0,0.0,1.0,0.0,0
p143,2,L,m,A,A,A,A,A,A,A,A,A,,,,,,,A,A,B,B,0,3,prolific,9,0,0,1.0,0.0,0.0,0
p143,2,R,b,,,,,,,B,B,B,B,B,B,B,B,B,A,A,B,B,0,4,prolific,0,9,0,0.0,1.0,0.0,0
p143,3,L,f,A,A,X,A,X,X,X,X,X,,,,,,,AA,AA,BB,BB,0,2,prolific,3,0,6,0.3333333333333333,0.0,0.6666666666666666,1
p143,3,C,a,,,,A,A,A,A,A,A,A,B,B,,,,AA,AA,BB,BB,0,1,prolific,7,2,0,0.7777777777777778,0.2222222222222222,0.0,0
p144,2,L,b,A,A,A,X,X,X,X,X,X,,,,,,,A,A,B,B,0,2,prolific,3,0,6,0.3333333333333333,0.0,0.6666666666666666,1
p144,3,L,m,A,A,A,A,A,A,A,A,A,,,,,,,AA,AA,BB,BB,0,3,prolific,9,0,0,1.0,0.0,0.0,0
p144,2,C,a,,,,A,A,A,A,A,A,A,A,A,,,,A,A,B,B,0,4,prolific,9,0,0,1.0,0.0,0.0,0
p144,3,R,f,,,,,,,A,A,A,A,X,B,B,B,B,AA,AA,BB,BB,0,1,prolific,4,4,1,0.4444444444444444,0.4444444444444444,0.1111111111111111,1
p145,3,R,a,,,,,,,A,A,A,A,A,A,A,B,B,AA,AA,BB,BB,0,1,prolific,7,2,0,0.7777777777777778,0.2222222222222222,0.0,0
p145,3,L,b,A,X,X,X,X,X,X,X,X,,,,,,,BY,BY,BB,AY,3,4,prolific,1,0,8,0.1111111111111111,0.0,0.8888888888888888,1
p145,2,C,m,,,,X,X,X,X,X,X,X,B,X,,,,A,A,B,B,0,2,prolific,0,1,8,0.0,0.1111111111111111,0.8888888888888888,1
p145,2,R,f,,,,,,,X,X,X,X,X,X,B,X,B,A,A,B,B,0,3,prolific,0,2,7,0.0,0.2222222222222222,0.7777777777777778,1
p146,2,R,m,,,,,,,X,X,X,X,X,X,X,X,X,A,A,B,B,0,3,prolific,0,0,9,0.0,0.0,1.0,1
p146,3,C,f,,,,A,A,A,A,A,X,X,X,X,,,,AA,AA,BB,BB,0,1,prolific,5,0,4,0.5555555555555556,0.0,0.4444444444444444,1
p146,3,L,a,X,X,X,X,X,X,X,X,X,,,,,,,AY,AA,BA,BY,0,4,prolific,0,0,9,0.0,0.0,1.0,1
p146,2,C,b,,,,X,X,X,X,X,B,B,B,B,,,,A,A,B,B,0,2,prolific,0,4,5,0.0,0.4444444444444444,0.5555555555555556,1
p147,3,R,b,,,,,,,X,X,X,X,B,B,B,B,B,AY,AA,BY,BB,0,3,prolific,0,5,4,0.0,0.5555555555555556,0.4444444444444444,1
p147,2,C,f,,,,A,A,X,X,X,X,X,X,X,,,,A,A,B,B,0,1,prolific,2,0,7,0.2222222222222222,0.0,0.7777777777777778,1
p147,2,L,a,X,A,X,X,X,X,X,X,X,,,,,,,A,A,B,B,0,4,prolific,1,0,8,0.1111111111111111,0.0,0.8888888888888888,1
p147,3,C,m,,,,B,B,B,A,A,A,A,A,A,,,,AA,AB,XY,XY,2,2,prolific,6,3,0,0.6666666666666666,0.3333333333333333,0.0,0
p148,2,L,m,A,A,A,A,A,A,A,A,A,,,,,,,A,A,B,B,0,2,prolific,9,0,0,1.0,0.0,0.0,0
p148,3,L,f,A,A,A,A,A,A,A,A,A,,,,,,,AA,AA,BB,BB,0,1,prolific,9,0,0,1.0,0.0,0.0,0
p148,3,C,a,,,,A,A,A,A,A,A,B,A,B,,,,AA,AA,BA,BA,0,3,prolific,7,2,0,0.7777777777777778,0.2222222222222222,0.0,0
p148,2,R,b,,,,,,,B,B,B,B,B,B,B,B,B,A,A,B,X,1,4,prolific,0,9,0,0.0,1.0,0.0,0
p149,2,L,b,A,A,X,X,X,X,X,X,X,,,,,,,A,A,B,B,0,2,prolific,2,0,7,0.2222222222222222,0.0,0.7777777777777778,1
p149,3,L,m,A,A,A,A,A,A,A,A,X,,,,,,,AA,AA,BB,BB,0,4,prolific,8,0,1,0.8888888888888888,0.0,0.1111111111111111,1
p149,2,C,a,,,,A,A,A,A,A,X,X,X,X,,,,A,A,B,B,0,1,prolific,5,0,4,0.5555555555555556,0.0,0.4444444444444444,1
p149,3,R,f,,,,,,,A,A,A,A,A,B,B,B,A,AA,AA,BB,BB,0,3,prolific,6,3,0,0.6666666666666666,0.3333333333333333,0.0,0
p150,3,L,b,A,A,A,A,A,X,X,B,B,,,,,,,AA,AA,BB,BB,0,2,prolific,5,2,2,0.5555555555555556,0.2222222222222222,0.2222222222222222,1
p150,2,C,m,,,,A,A,A,A,A,A,B,B,B,,,,A,A,B,B,0,3,prolific,6,3,0,0.6666666666666666,0.3333333333333333,0.0,0
p150,3,R,a,,,,,,,A,A,A,A,X,B,B,B,B,AA,AA,BB,BB,0,1,prolific,4,4,1,0.4444444444444444,0.4444444444444444,0.1111111111111111,1
p150,2,R,f,,,,,,,X,X,X,X,X,X,B,B,B,A,A,B,B,0,4,prolific,0,3,6,0.0,0.3333333333333333,0.6666666666666666,1
p151,2,C,b,,,,A,A,A,A,A,X,X,X,B,,,,X,A,B,B,1,1,prolific,5,1,3,0.5555555555555556,0.1111111111111111,0.3333333333333333,1
p151,3,C,f,,,,A,A,B,B,B,B,B,B,B,,,,AA,AA,BB,BB,0,2,prolific,2,7,0,0.2222222222222222,0.7777777777777778,0.0,0
p151,3,L,a,A,A,A,A,A,A,A,A,A,,,,,,,AA,AA,BA,BB,0,3,prolific,9,0,0,1.0,0.0,0.0,0
p151,2,R,m,,,,,,,B,B,B,B,B,B,B,B,B,A,A,B,B,0,4,prolific,0,9,0,0.0,1.0,0.0,0
p152,3,C,a,,,,A,A,A,B,A,A,B,B,B,,,,AA,AA,BB,BA,0,2,prolific,5,4,0,0.5555555555555556,0.4444444444444444,0.0,0
p152,2,R,b,,,,,,,B,B,B,B,B,B,B,B,B,A,A,B,B,0,1,prolific,0,9,0,0.0,1.0,0.0,0
p152,2,L,m,X,X,X,X,X,X,X,X,X,,,,,,,A,A,B,B,0,3,prolific,0,0,9,0.0,0.0,1.0,1
p152,3,L,f,A,A,A,A,A,A,A,A,B,,,,,,,AA,AB,BB,BY,0,4,prolific,8,1,0,0.8888888888888888,0.1111111111111111,0.0,0
p153,2,R,a,,,,,,,A,B,B,B,B,B,B,B,B,A,A,B,B,0,2,prolific,1,8,0,0.1111111111111111,0.8888888888888888,0.0,0
p153,3,R,m,,,,,,,B,B,B,B,B,B,B,B,B,AA,AB,BB,BB,0,1,prolific,0,9,0,0.0,1.0,0.0,0
p153,2,L,f,A,A,A,A,A,A,A,A,A,,,,,,,A,A,B,B,0,3,prolific,9,0,0,1.0,0.0,0.0,0
p153,3,C,b,,,,B,B,B,B,B,B,B,B,B,,,,AB,AB,BB,BB,0,4,prolific,0,9,0,0.0,1.0,0.0,0
p154,2,L,b,A,A,A,A,A,A,A,A,A,,,,,,,A,A,B,B,0,3,prolific,9,0,0,1.0,0.0,0.0,0
p154,3,L,m,A,A,A,A,A,A,A,A,A,,,,,,,AA,AY,BB,BY,0,4,prolific,9,0,0,1.0,0.0,0.0,0
p154,3,R,f,,,,,,,X,X,X,X,X,X,B,A,B,AA,AA,BB,BY,0,2,prolific,1,2,6,0.1111111111111111,0.2222222222222222,0.6666666666666666,1
p154,2,C,a,,,,A,A,A,A,A,X,X,X,X,,,,A,A,B,B,0,1,prolific,5,0,4,0.5555555555555556,0.0,0.4444444444444444,1
p155,2,L,f,A,A,A,A,A,A,A,A,B,,,,,,,A,A,B,B,0,2,prolific,8,1,0,0.8888888888888888,0.1111111111111111,0.0,0
p155,3,C,b,,,,A,A,A,A,A,B,B,B,B,,,,AA,AA,BB,BB,0,3,prolific,5,4,0,0.5555555555555556,0.4444444444444444,0.0,0
p155,2,R,a,,,,,,,X,X,X,X,X,X,X,B,B,A,A,B,B,0,4,prolific,0,2,7,0.0,0.2222222222222222,0.7777777777777778,1
p155,3,R,m,,,,,,,X,X,X,A,B,B,B,B,B,AA,AA,BB,BB,0,1,prolific,1,5,3,0.1111111111111111,0.5555555555555556,0.3333333333333333,1
p156,3,L,b,A,A,X,X,X,X,X,X,X,,,,,,,AA,AA,BB,BY,0,4,prolific,2,0,7,0.2222222222222222,0.0,0.7777777777777778,1
p156,2,C,m,,,,X,X,X,X,X,X,X,X,X,,,,A,A,B,B,0,3,prolific,0,0,9,0.0,0.0,1.0,1
p156,2,R,f,,,,,,,A,A,X,X,X,B,B,B,B,A,A,B,B,0,1,prolific,2,4,3,0.2222222222222222,0.4444444444444444,0.3333333333333333,1
p156,3,R,a,,,,,,,B,B,B,B,B,B,B,B,B,AA,AA,BB,BB,0,2,prolific,0,9,0,0.0,1.0,0.0,0
p157,2,C,b,,,,A,B,B,B,B,B,B,B,B,,,,A,A,X,B,1,2,prolific,1,8,0,0.1111111111111111,0.8888888888888888,0.0,0
p157,3,L,a,A,A,A,A,A,A,A,A,A,,,,,,,AA,AA,BB,BB,0,3,prolific,9,0,0,1.0,0.0,0.0,0
p157,2,R,m,,,,,,,X,X,X,X,X,X,X,X,B,X,A,B,B,1,1,prolific,0,1,8,0.0,0.1111111111111111,0.8888888888888888,1
p157,3,C,f,,,,X,X,X,X,X,X,B,B,B,,,,AA,AB,BB,BY,0,4,prolific,0,3,6,0.0,0.3333333333333333,0.6666666666666666,1
r001,3,C,m,,,,B,B,B,B,B,B,B,B,B,,,,AA,AA,BB,BB,0,4,rep,0,9,0,0.0,1.0,0.0,0
r001,3,R,b,,,,,,,A,A,A,A,A,B,B,B,B,AA,AA,BB,BB,0,1,rep,5,4,0,0.5555555555555556,0.4444444444444444,0.0,0
r001,2,C,f,,,,A,B,B,B,B,B,B,B,B,,,,A,A,B,B,0,2,rep,1,8,0,0.1111111111111111,0.8888888888888888,0.0,0
r001,2,L,a,A,A,A,A,A,A,A,A,B,,,,,,,A,A,B,B,0,3,rep,8,1,0,0.8888888888888888,0.1111111111111111,0.0,0
r002,3,C,m,,,,A,X,X,X,X,X,X,X,B,,,,AA,AA,BB,BB,0,4,rep,1,1,7,0.1111111111111111,0.1111111111111111,0.7777777777777778,1
r002,3,R,b,,,,,,,A,A,X,X,X,X,X,B,B,AA,AA,BB,BB,0,1,rep,2,2,5,0.2222222222222222,0.2222222222222222,0.5555555555555556,1
r002,2,C,f,,,,X,X,X,X,X,X,X,B,B,,,,A,A,B,B,0,2,rep,0,2,7,0.0,0.2222222222222222,0.7777777777777778,1
r002,2,L,a,A,A,A,A,A,X,X,X,X,,,,,,,A,A,B,B,0,3,rep,5,0,4,0.5555555555555556,0.0,0.4444444444444444,1
r003,3,C,m,,,,B,B,B,B,B,B,B,B,B,,,,AA,AA,BB,BB,0,4,rep,0,9,0,0.0,1.0,0.0,0
r003,2,L,a,A,A,X,X,X,X,X,X,X,,,,,,,A,A,B,B,0,3,rep,2,0,7,0.2222222222222222,0.0,0.7777777777777778,1
r003,3,R,b,,,,,,,B,B,B,B,B,B,B,B,B,AA,AA,BB,BB,0,1,rep,0,9,0,0.0,1.0,0.0,0
r003,2,C,f,,,,X,X,X,X,X,X,B,B,B,,,,A,A,B,B,0,2,rep,0,3,6,0.0,0.3333333333333333,0.6666666666666666,1
r004,2,R,m,,,,,,,X,B,X,X,X,X,X,B,B,A,A,B,B,0,4,rep,0,3,6,0.0,0.3333333333333333,0.6666666666666666,1
r004,3,C,f,,,,A,A,A,A,A,A,B,B,B,,,,AA,AB,BA,BA,0,1,rep,6,3,0,0.6666666666666666,0.3333333333333333,0.0,0
r004,2,C,b,,,,X,X,X,X,X,B,B,B,B,,,,A,A,B,B,0,2,rep,0,4,5,0.0,0.4444444444444444,0.5555555555555556,1
r004,3,L,a,A,A,A,A,A,A,A,B,B,,,,,,,AA,AA,BB,BB,0,3,rep,7,2,0,0.7777777777777778,0.2222222222222222,0.0,0
r005,3,C,m,,,,A,B,B,B,B,B,B,B,B,,,,AY,AY,BB,BB,0,4,rep,1,8,0,0.1111111111111111,0.8888888888888888,0.0,0
r005,2,L,a,A,A,A,A,X,X,X,X,X,,,,,,,A,A,B,B,0,3,rep,4,0,5,0.4444444444444444,0.0,0.5555555555555556,1
r005,3,R,b,,,,,,,A,A,A,A,A,B,B,B,B,AA,AA,BB,BB,0,1,rep,5,4,0,0.5555555555555556,0.4444444444444444,0.0,0
r005,2,C,f,,,,X,X,X,X,B,X,B,B,B,,,,A,A,B,B,0,2,rep,0,4,5,0.0,0.4444444444444444,0.5555555555555556,1
r006,2,R,b,,,,,,,B,B,B,B,B,B,B,B,B,A,A,B,B,0,4,rep,0,9,0,0.0,1.0,0.0,0
r006,3,L,f,A,A,A,A,A,A,A,A,X,,,,,,,AA,AA,BB,BB,0,1,rep,8,0,1,0.8888888888888888,0.0,0.1111111111111111,1
r006,2,L,m,A,X,X,X,X,X,X,X,B,,,,,,,A,A,B,B,0,2,rep,1,1,7,0.1111111111111111,0.1111111111111111,0.7777777777777778,1
r006,3,C,a,,,,X,X,X,X,X,X,X,X,B,,,,AA,AA,BB,BB,0,3,rep,0,1,8,0.0,0.1111111111111111,0.8888888888888888,1
r007,3,L,m,A,A,A,A,A,B,A,A,A,,,,,,,AA,AA,BB,BB,0,4,rep,8,1,0,0.8888888888888888,0.1111111111111111,0.0,0
r007,2,C,a,,,,A,A,B,B,B,A,A,B,B,,,,A,A,B,B,0,3,rep,4,5,0,0.4444444444444444,0.5555555555555556,0.0,0
r007,3,R,f,,,,,,,A,A,A,A,A,A,A,B,B,AA,AB,BB,BB,0,1,rep,7,2,0,0.7777777777777778,0.2222222222222222,0.0,0
r007,2,L,b,A,A,B,B,B,B,B,A,B,,,,,,,A,A,B,B,0,2,rep,3,6,0,0.3333333333333333,0.6666666666666666,0.0,0
r009,2,R,m,,,,,,,X,X,X,X,B,B,X,B,B,A,A,B,B,0,4,rep,0,4,5,0.0,0.4444444444444444,0.5555555555555556,1
r009,3,L,a,A,A,X,X,X,X,X,X,X,,,,,,,AA,AA,BB,BB,0,3,rep,2,0,7,0.2222222222222222,0.0,0.7777777777777778,1
r009,3,C,f,,,,A,A,A,A,A,A,A,B,B,,,,AA,AA,BB,BB,0,1,rep,7,2,0,0.7777777777777778,0.2222222222222222,0.0,0
r009,2,C,b,,,,A,B,B,B,B,B,B,B,B,,,,A,A,B,B,0,2,rep,1,8,0,0.1111111111111111,0.8888888888888888,0.0,0
r010,3,C,m,,,,B,B,B,B,B,B,B,B,B,,,,AB,AB,BB,BB,0,2,rep,0,9,0,0.0,1.0,0.0,0
r010,2,C,f,,,,A,A,A,A,A,A,A,A,B,,,,X,A,B,B,1,1,rep,8,1,0,0.8888888888888888,0.1111111111111111,0.0,0
r010,3,R,b,,,,,,,A,A,A,A,B,B,B,B,B,AA,AA,BB,BB,0,3,rep,4,5,0,0.4444444444444444,0.5555555555555556,0.0,0
r010,2,L,a,B,B,B,B,B,B,B,B,B,,,,,,,A,A,B,B,0,4,rep,0,9,0,0.0,1.0,0.0,0
r011,3,C,m,,,,X,X,X,X,X,X,B,B,B,,,,AB,AA,BB,BA,0,2,rep,0,3,6,0.0,0.3333333333333333,0.6666666666666666,1
r011,2,C,f,,,,A,A,A,A,B,X,X,X,X,,,,A,A,B,B,0,1,rep,4,1,4,0.4444444444444444,0.1111111111111111,0.4444444444444444,1
r011,3,R,b,,,,,,,A,B,B,B,B,B,B,B,B,AA,AA,BB,BB,0,3,rep,1,8,0,0.1111111111111111,0.8888888888888888,0.0,0
r011,2,L,a,A,A,A,A,A,A,A,A,A,,,,,,,A,A,B,B,0,4,rep,9,0,0,1.0,0.0,0.0,0
r012,3,C,b,,,,X,X,A,A,B,B,B,B,B,,,,AA,AA,BB,BY,0,2,rep,2,5,2,0.2222222222222222,0.5555555555555556,0.2222222222222222,1
r012,2,L,f,A,A,A,A,A,A,A,A,A,,,,,,,A,A,B,B,0,1,rep,9,0,0,1.0,0.0,0.0,0
r012,3,R,m,,,,,,,B,B,B,B,B,B,B,B,B,AA,AA,BB,BB,0,3,rep,0,9,0,0.0,1.0,0.0,0
r012,2,R,a,,,,,,,B,B,B,B,B,B,B,B,B,A,A,B,B,0,4,rep,0,9,0,0.0,1.0,0.0,0
r013,2,R,b,,,,,,,B,B,B,B,B,B,B,B,B,A,A,B,B,0,4,rep,0,9,0,0.0,1.0,0.0,0
r013,3,L,f,B,A,A,A,A,A,A,A,A,,,,,,,AA,AA,BA,BB,0,1,rep,8,1,0,0.8888888888888888,0.1111111111111111,0.0,0
r013,2,L,m,A,A,A,A,A,B,B,B,B,,,,,,,A,A,B,B,0,2,rep,5,4,0,0.5555555555555556,0.4444444444444444,0.0,0
r013,3,C,a,,,,A,A,A,A,A,B,B,B,B,,,,AA,AA,BB,BB,0,3,rep,5,4,0,0.5555555555555556,0.4444444444444444,0.0,0
r014,3,L,m,A,A,A,B,A,B,B,B,B,,,,,,,AA,AA,BB,BB,0,4,rep,4,5,0,0.4444444444444444,0.5555555555555556,0.0,0
r014,2,C,a,,,,A,A,A,A,A,A,A,B,B,,,,A,A,B,B,0,3,rep,7,2,0,0.7777777777777778,0.2222222222222222,0.0,0
r014,3,R,f,,,,,,,A,X,X,X,X,X,X,B,B,AA,AA,BB,BB,0,1,rep,1,2,6,0.1111111111111111,0.2222222222222222,0.6666666666666666,1
r014,2,L,b,A,A,A,B,B,B,B,B,B,,,,,,,A,A,B,B,0,2,rep,3,6,0,0.3333333333333333,0.6666666666666666,0.0,0
r015,2,R,f,,,,,,,A,B,B,B,B,B,B,B,B,A,A,B,B,0,4,rep,1,8,0,0.1111111111111111,0.8888888888888888,0.0,0
r015,3,L,b,A,A,A,A,A,A,A,A,A,,,,,,,AA,AA,BB,BB,0,1,rep,9,0,0,1.0,0.0,0.0,0
r015,2,C,m,,,,A,A,B,B,B,B,B,B,B,,,,A,A,B,X,1,2,rep,2,7,0,0.2222222222222222,0.7777777777777778,0.0,0
r015,3,R,a,,,,,,,X,X,X,X,X,B,X,X,B,AA,AA,BB,BB,0,3,rep,0,2,7,0.0,0.2222222222222222,0.7777777777777778,1
r016,3,C,b,,,,A,A,A,X,X,X,X,X,X,,,,AA,AB,BB,BY,0,4,rep,3,0,6,0.3333333333333333,0.0,0.6666666666666666,1
r016,3,R,m,,,,,,,A,X,A,X,X,X,B,B,B,AA,AA,BB,BY,0,1,rep,2,3,4,0.2222222222222222,0.3333333333333333,0.4444444444444444,1
r016,2,L,f,X,X,X,X,X,X,X,B,X,,,,,,,A,A,B,B,0,2,rep,0,1,8,0.0,0.1111111111111111,0.8888888888888888,1
r016,2,R,a,,,,,,,X,X,X,X,X,X,X,B,B,A,A,B,B,0,3,rep,0,2,7,0.0,0.2222222222222222,0.7777777777777778,1
r018,2,R,m,,,,,,,B,B,B,B,B,B,B,B,B,A,A,B,B,0,4,rep,0,9,0,0.0,1.0,0.0,0
r018,3,C,f,,,,A,A,A,A,A,A,A,X,X,,,,AA,AA,BB,BB,0,1,rep,7,0,2,0.7777777777777778,0.0,0.2222222222222222,1
r018,2,C,b,,,,X,X,X,X,B,B,B,B,B,,,,A,A,B,B,0,2,rep,0,5,4,0.0,0.5555555555555556,0.4444444444444444,1
r018,3,L,a,A,A,A,A,X,X,X,X,X,,,,,,,AA,AA,BB,BB,0,3,rep,4,0,5,0.4444444444444444,0.0,0.5555555555555556,1
r019,3,L,m,A,B,B,B,B,B,B,B,B,,,,,,,AA,AA,BB,BB,0,4,rep,1,8,0,0.1111111111111111,0.8888888888888888,0.0,0
r019,2,C,a,,,,A,A,A,A,A,A,A,A,A,,,,A,A,B,B,0,3,rep,9,0,0,1.0,0.0,0.0,0
r019,3,R,f,,,,,,,A,A,A,A,X,X,B,B,B,AA,AA,BB,BB,0,1,rep,4,3,2,0.4444444444444444,0.3333333333333333,0.2222222222222222,1
r019,2,L,b,A,A,A,A,X,B,B,B,B,,,,,,,A,A,B,B,0,2,rep,4,4,1,0.4444444444444444,0.4444444444444444,0.1111111111111111,1
r020,3,C,b,,,,A,B,B,B,B,B,B,B,B,,,,AA,AB,BB,BB,0,4,rep,1,8,0,0.1111111111111111,0.8888888888888888,0.0,0
r020,3,R,m,,,,,,,B,B,B,B,B,B,B,B,B,AA,AA,BB,BB,0,1,rep,0,9,0,0.0,1.0,0.0,0
r020,2,L,f,A,A,A,A,A,A,A,B,B,,,,,,,A,A,B,B,0,2,rep,7,2,0,0.7777777777777778,0.2222222222222222,0.0,0
r020,2,R,a,,,,,,,X,X,X,X,B,B,B,B,B,A,A,B,B,0,3,rep,0,5,4,0.0,0.5555555555555556,0.4444444444444444,1
r021,2,R,m,,,,,,,B,B,B,B,B,B,B,B,B,A,A,B,B,0,4,rep,0,9,0,0.0,1.0,0.0,0
r021,3,C,f,,,,A,A,A,A,A,X,X,X,X,,,,AA,AA,BB,BB,0,1,rep,5,0,4,0.5555555555555556,0.0,0.4444444444444444,1
r021,2,C,b,,,,X,X,X,X,B,B,B,B,B,,,,A,A,B,B,0,2,rep,0,5,4,0.0,0.5555555555555556,0.4444444444444444,1
r021,3,L,a,A,A,A,A,A,A,A,A,A,,,,,,,AA,AA,BB,BB,0,3,rep,9,0,0,1.0,0.0,0.0,0
r022,2,R,f,,,,,,,B,B,B,B,B,B,B,B,B,A,A,B,B,0,4,rep,0,9,0,0.0,1.0,0.0,0
r022,3,L,b,A,A,A,A,A,A,A,A,A,,,,,,,AA,AA,BB,BB,0,1,rep,9,0,0,1.0,0.0,0.0,0
r022,2,C,m,,,,A,X,B,B,B,B,B,B,B,,,,A,A,B,B,0,2,rep,1,7,1,0.1111111111111111,0.7777777777777778,0.1111111111111111,1
r022,3,R,a,,,,,,,A,A,A,B,B,B,B,B,B,AA,AA,BB,BB,0,3,rep,3,6,0,0.3333333333333333,0.6666666666666666,0.0,0
r023,3,C,m,,,,B,B,B,B,B,B,B,B,B,,,,AA,AA,BB,BB,0,4,rep,0,9,0,0.0,1.0,0.0,0
r023,3,R,b,,,,,,,A,A,A,A,X,B,B,B,B,AA,AA,BB,BB,0,1,rep,4,4,1,0.4444444444444444,0.4444444444444444,0.1111111111111111,1
r023,2,C,f,,,,X,X,X,B,B,B,B,B,B,,,,A,A,B,B,0,2,rep,0,6,3,0.0,0.6666666666666666,0.3333333333333333,1
r023,2,L,a,A,A,A,X,X,X,X,X,B,,,,,,,A,A,B,B,0,3,rep,3,1,5,0.3333333333333333,0.1111111111111111,0.5555555555555556,1
r024,2,R,b,,,,,,,B,B,B,B,B,B,B,B,B,A,A,B,B,0,4,rep,0,9,0,0.0,1.0,0.0,0
r024,3,L,f,A,A,A,A,A,A,A,A,A,,,,,,,AA,AA,BB,BB,0,1,rep,9,0,0,1.0,0.0,0.0,0
r024,2,L,m,A,X,X,X,X,X,X,X,B,,,,,,,A,A,B,B,0,2,rep,1,1,7,0.1111111111111111,0.1111111111111111,0.7777777777777778,1
r024,3,C,a,,,,A,A,A,A,A,A,A,X,X,,,,AA,AA,BB,BB,0,3,rep,7,0,2,0.7777777777777778,0.0,0.2222222222222222,1
r025,3,L,m,A,A,A,A,A,A,A,B,B,,,,,,,AA,AA,BB,BB,0,4,rep,7,2,0,0.7777777777777778,0.2222222222222222,0.0,0
r025,3,R,f,,,,,,,B,B,B,B,B,B,B,B,B,AA,AA,BB,BB,0,1,rep,0,9,0,0.0,1.0,0.0,0
r025,2,L,b,A,A,A,A,B,B,B,B,B,,,,,,,A,A,B,B,0,2,rep,4,5,0,0.4444444444444444,0.5555555555555556,0.0,0
r025,2,C,a,,,,A,A,A,A,A,B,B,B,B,,,,A,A,B,B,0,3,rep,5,4,0,0.5555555555555556,0.4444444444444444,0.0,0
r026,3,C,b,,,,X,X,X,X,X,X,X,X,X,,,,AA,AA,BB,BY,0,4,rep,0,0,9,0.0,0.0,1.0,1
r026,3,R,m,,,,,,,A,A,A,X,X,X,X,B,B,AA,AA,BA,BB,0,1,rep,3,2,4,0.3333333333333333,0.2222222222222222,0.4444444444444444,1
r026,2,L,f,A,A,X,X,X,X,X,X,X,,,,,,,A,A,B,B,0,2,rep,2,0,7,0.2222222222222222,0.0,0.7777777777777778,1
r026,2,R,a,,,,,,,X,X,X,X,X,B,B,B,B,A,A,B,B,0,3,rep,0,4,5,0.0,0.4444444444444444,0.5555555555555556,1
r027,2,R,m,,,,,,,B,B,B,B,B,B,B,B,B,A,A,B,B,0,4,rep,0,9,0,0.0,1.0,0.0,0
r027,3,L,a,X,X,X,X,X,X,X,X,X,,,,,,,AA,AA,BB,BB,0,3,rep,0,0,9,0.0,0.0,1.0,1
r027,3,C,f,,,,X,X,X,X,X,X,X,X,X,,,,AA,AA,BA,BB,0,1,rep,0,0,9,0.0,0.0,1.0,1
r027,2,C,b,,,,X,X,X,X,X,X,X,B,B,,,,A,A,B,B,0,2,rep,0,2,7,0.0,0.2222222222222222,0.7777777777777778,1
r028,3,C,m,,,,B,B,B,B,B,B,B,B,B,,,,AB,AB,BB,BY,0,4,rep,0,9,0,0.0,1.0,0.0,0
r028,3,R,b,,,,,,,A,X,X,X,X,X,X,B,B,BY,AA,BB,BB,1,1,rep,1,2,6,0.1111111111111111,0.2222222222222222,0.6666666666666666,1
r028,2,C,f,,,,X,X,X,X,X,B,B,B,B,,,,A,A,B,B,0,2,rep,0,4,5,0.0,0.4444444444444444,0.5555555555555556,1
r028,2,L,a,A,A,A,A,A,A,A,A,A,,,,,,,A,A,B,B,0,3,rep,9,0,0,1.0,0.0,0.0,0
r029,3,C,b,,,,A,A,A,A,B,B,B,B,B,,,,AA,AA,XY,XY,2,2,rep,4,5,0,0.4444444444444444,0.5555555555555556,0.0,0
r029,2,L,f,A,A,A,A,A,A,A,A,A,,,,,,,A,A,B,B,0,1,rep,9,0,0,1.0,0.0,0.0,0
r029,3,R,m,,,,,,,B,B,B,B,B,B,B,B,B,AY,AA,BB,BB,0,3,rep,0,9,0,0.0,1.0,0.0,0
r029,2,R,a,,,,,,,B,B,B,B,B,B,B,B,B,A,A,B,B,0,4,rep,0,9,0,0.0,1.0,0.0,0
r030,2,R,b,,,,,,,B,B,B,B,B,B,B,B,B,A,A,B,X,1,4,rep,0,9,0,0.0,1.0,0.0,0
r030,3,L,f,A,A,A,A,A,A,A,A,A,,,,,,,AA,AA,BB,BB,0,1,rep,9,0,0,1.0,0.0,0.0,0
r030,2,L,m,X,X,X,X,X,X,X,B,B,,,,,,,A,A,B,B,0,2,rep,0,2,7,0.0,0.2222222222222222,0.7777777777777778,1
r030,3,C,a,,,,A,A,A,A,A,A,A,A,A,,,,AA,AA,BB,BB,0,3,rep,9,0,0,1.0,0.0,0.0,0
r031,2,R,m,,,,,,,B,B,B,B,B,B,B,B,B,A,A,B,B,0,4,rep,0,9,0,0.0,1.0,0.0,0
r031,3,C,f,,,,A,A,A,A,A,A,A,X,X,,,,AA,AA,BB,BB,0,1,rep,7,0,2,0.7777777777777778,0.0,0.2222222222222222,1
r031,2,C,b,,,,A,X,X,B,B,B,B,B,B,,,,A,A,B,B,0,3,rep,1,6,2,0.1111111111111111,0.6666666666666666,0.2222222222222222,1
r031,3,L,a,A,A,A,A,B,B,B,B,B,,,,,,,AA,AA,BB,BB,0,2,rep,4,5,0,0.4444444444444444,0.5555555555555556,0.0,0
r032,3,L,b,A,X,X,X,X,A,A,B,B,,,,,,,AY,BY,BB,BB,1,3,rep,3,2,4,0.3333333333333333,0.2222222222222222,0.4444444444444444,1
r032,3,R,a,,,,,,,A,A,A,X,X,X,B,B,B,AA,AA,BB,BB,0,1,rep,3,3,3,0.3333333333333333,0.3333333333333333,0.3333333333333333,1
r032,2,R,f,,,,,,,X,X,X,X,B,X,X,X,X,A,A,B,B,0,2,rep,0,1,8,0.0,0.1111111111111111,0.8888888888888888,1
r032,2,C,m,,,,X,X,X,X,X,X,X,X,X,,,,A,A,B,B,0,4,rep,0,0,9,0.0,0.0,1.0,1
r033,2,R,b,,,,,,,B,B,B,B,B,B,B,B,B,A,A,B,B,0,4,rep,0,9,0,0.0,1.0,0.0,0
r033,3,L,f,B,A,B,A,A,B,B,A,B,,,,,,,AA,BB,AA,BB,2,1,rep,4,5,0,0.4444444444444444,0.5555555555555556,0.0,0
r033,2,L,m,X,X,X,X,X,X,X,X,X,,,,,,,A,A,B,B,0,2,rep,0,0,9,0.0,0.0,1.0,1
r033,3,C,a,,,,A,B,A,B,A,B,A,B,A,,,,AA,AA,BB,BB,0,3,rep,5,4,0,0.5555555555555556,0.4444444444444444,0.0,0
r034,3,R,b,,,,,,,A,A,A,A,B,B,B,B,B,XY,AA,BB,BB,1,1,rep,4,5,0,0.4444444444444444,0.5555555555555556,0.0,0
r034,2,L,a,A,A,A,A,A,B,B,B,B,,,,,,,A,A,B,B,0,4,rep,5,4,0,0.5555555555555556,0.4444444444444444,0.0,0
r034,2,C,f,,,,A,A,A,A,A,A,A,A,A,,,,A,A,B,B,0,2,rep,9,0,0,1.0,0.0,0.0,0
r034,3,C,m,,,,A,A,A,B,B,B,B,B,B,,,,AA,AA,BB,BB,0,3,rep,3,6,0,0.3333333333333333,0.6666666666666666,0.0,0
r035,3,L,m,A,A,A,A,A,A,A,A,A,,,,,,,AA,AA,BB,BY,0,4,rep,9,0,0,1.0,0.0,0.0,0
r035,3,R,f,,,,,,,A,A,B,B,B,B,B,B,B,AA,AA,BB,BB,0,1,rep,2,7,0,0.2222222222222222,0.7777777777777778,0.0,0
r035,2,L,b,A,X,A,X,X,X,X,X,X,,,,,,,A,A,B,B,0,2,rep,2,0,7,0.2222222222222222,0.0,0.7777777777777778,1
r035,2,C,a,,,,X,X,X,X,X,X,X,X,X,,,,A,A,B,B,0,3,rep,0,0,9,0.0,0.0,1.0,1
r036,3,C,b,,,,X,X,X,X,X,X,X,B,X,,,,AA,AA,BB,BB,0,4,rep,0,1,8,0.0,0.1111111111111111,0.8888888888888888,1
r036,3,R,m,,,,,,,A,A,A,X,X,X,X,B,B,AA,AA,BB,BB,0,1,rep,3,2,4,0.3333333333333333,0.2222222222222222,0.4444444444444444,1
r036,2,L,f,A,X,X,X,X,X,X,X,X,,,,,,,A,A,B,B,0,2,rep,1,0,8,0.1111111111111111,0.0,0.8888888888888888,1
r036,2,R,a,,,,,,,X,X,A,X,A,X,X,X,X,A,A,B,B,0,3,rep,2,0,7,0.2222222222222222,0.0,0.7777777777777778,1
r037,2,R,f,,,,,,,X,X,X,X,X,X,X,B,B,A,A,B,B,0,4,rep,0,2,7,0.0,0.2222222222222222,0.7777777777777778,1
r037,3,L,b,A,A,A,X,X,X,X,X,X,,,,,,,AA,AA,BA,BA,0,1,rep,3,0,6,0.3333333333333333,0.0,0.6666666666666666,1
r037,2,C,m,,,,X,X,X,X,X,X,X,X,B,,,,A,A,B,B,0,2,rep,0,1,8,0.0,0.1111111111111111,0.8888888888888888,1
r037,3,R,a,,,,,,,A,A,A,A,A,A,A,B,B,AA,AA,BB,BB,0,3,rep,7,2,0,0.7777777777777778,0.2222222222222222,0.0,0
r038,2,C,f,,,,A,A,A,A,A,B,B,B,B,,,,A,A,B,B,0,3,rep,5,4,0,0.5555555555555556,0.4444444444444444,0.0,0
r038,3,R,b,,,,,,,B,B,B,B,B,B,B,B,B,AA,AB,BB,BB,0,4,rep,0,9,0,0.0,1.0,0.0,0
r038,3,C,m,,,,X,X,B,B,B,B,B,B,B,,,,AA,AA,BB,BB,0,2,rep,0,7,2,0.0,0.7777777777777778,0.2222222222222222,1
r038,2,L,a,A,A,A,A,A,A,A,X,X,,,,,,,A,A,B,B,0,1,rep,7,0,2,0.7777777777777778,0.0,0.2222222222222222,1
r039,3,L,m,A,A,A,A,A,A,A,A,A,,,,,,,AA,AA,BB,BY,0,4,rep,9,0,0,1.0,0.0,0.0,0
r039,3,R,f,,,,,,,A,A,A,A,X,X,B,B,B,AA,AA,BB,BB,0,1,rep,4,3,2,0.4444444444444444,0.3333333333333333,0.2222222222222222,1
r039,2,L,b,A,A,A,X,X,X,B,B,B,,,,,,,A,A,B,B,0,2,rep,3,3,3,0.3333333333333333,0.3333333333333333,0.3333333333333333,1
r039,2,C,a,,,,X,X,X,X,X,X,X,X,X,,,,A,A,B,B,0,3,rep,0,0,9,0.0,0.0,1.0,1
r040,2,R,b,,,,,,,B,B,B,B,A,A,A,A,A,B,A,B,A,2,1,rep,5,4,0,0.5555555555555556,0.4444444444444444,0.0,0
r040,3,C,a,,,,A,A,A,A,B,B,B,B,B,,,,AA,AA,BB,BB,0,4,rep,4,5,0,0.4444444444444444,0.5555555555555556,0.0,0
r040,3,L,f,A,A,A,A,A,A,A,A,A,,,,,,,AA,AA,BB,BB,0,2,rep,9,0,0,1.0,0.0,0.0,0
r040,2,L,m,A,X,X,A,A,X,X,X,X,,,,,,,A,A,B,B,0,3,rep,3,0,6,0.3333333333333333,0.0,0.6666666666666666,1
r042,2,R,f,,,,,,,B,B,B,B,B,B,B,B,B,A,A,B,B,0,4,rep,0,9,0,0.0,1.0,0.0,0
r042,3,L,b,A,A,A,A,A,A,A,X,X,,,,,,,XY,AA,BB,BB,1,1,rep,7,0,2,0.7777777777777778,0.0,0.2222222222222222,1
r042,2,C,m,,,,A,X,B,B,B,B,B,B,B,,,,A,A,B,B,0,2,rep,1,7,1,0.1111111111111111,0.7777777777777778,0.1111111111111111,1
r042,3,R,a,,,,,,,A,B,B,B,B,B,B,B,B,AA,AA,BB,BB,0,3,rep,1,8,0,0.1111111111111111,0.8888888888888888,0.0,0
r043,3,C,m,,,,X,X,X,X,X,X,X,X,X,,,,AA,AA,BB,BB,0,2,rep,0,0,9,0.0,0.0,1.0,1
r043,2,C,f,,,,A,A,A,A,A,X,X,X,X,,,,X,A,X,B,2,1,rep,5,0,4,0.5555555555555556,0.0,0.4444444444444444,1
r043,3,R,b,,,,,,,A,A,A,A,A,A,A,A,B,AA,AA,AY,BB,1,3,rep,8,1,0,0.8888888888888888,0.1111111111111111,0.0,0
r043,2,L,a,A,A,A,A,A,A,A,A,A,,,,,,,A,A,B,B,0,4,rep,9,0,0,1.0,0.0,0.0,0
r044,3,C,b,,,,B,B,B,B,B,B,B,B,B,,,,AA,AA,BB,BB,0,4,rep,0,9,0,0.0,1.0,0.0,0
r044,3,R,m,,,,,,,A,A,A,X,X,X,X,B,B,AA,AA,BB,BB,0,1,rep,3,2,4,0.3333333333333333,0.2222222222222222,0.4444444444444444,1
r044,2,L,f,A,A,A,A,A,B,B,B,B,,,,,,,A,A,B,B,0,2,rep,5,4,0,0.5555555555555556,0.4444444444444444,0.0,0
r044,2,R,a,,,,,,,A,A,A,B,B,B,B,B,B,A,A,B,B,0,3,rep,3,6,0,0.3333333333333333,0.6666666666666666,0.0,0
r045,3,C,b,,,,A,B,A,A,B,B,B,B,B,,,,AY,AA,BB,XY,1,4,rep,3,6,0,0.3333333333333333,0.6666666666666666,0.0,0
r045,2,R,a,,,,,,,X,X,X,X,X,X,X,X,B,A,A,B,B,0,3,rep,0,1,8,0.0,0.1111111111111111,0.8888888888888888,1
r045,3,R,m,,,,,,,A,A,A,X,X,X,B,B,B,AA,AA,BB,BB,0,1,rep,3,3,3,0.3333333333333333,0.3333333333333333,0.3333333333333333,1
r045,2,L,f,A,A,A,A,X,B,B,B,B,,,,,,,A,A,B,B,0,2,rep,4,4,1,0.4444444444444444,0.4444444444444444,0.1111111111111111,1
r046,2,R,f,,,,,,,X,X,X,X,B,B,B,B,B,A,A,B,B,0,2,rep,0,5,4,0.0,0.5555555555555556,0.4444444444444444,1
r046,2,C,m,,,,A,A,A,A,A,A,A,X,X,,,,X,A,B,B,1,1,rep,7,0,2,0.7777777777777778,0.0,0.2222222222222222,1
r046,3,L,b,A,A,X,X,X,A,A,X,X,,,,,,,AY,AA,BB,BB,0,3,rep,4,0,5,0.4444444444444444,0.0,0.5555555555555556,1
r046,3,R,a,,,,,,,B,B,B,B,B,B,B,B,B,AA,AA,BB,BB,0,4,rep,0,9,0,0.0,1.0,0.0,0
r047,2,R,m,,,,,,,B,B,B,B,B,B,B,B,B,A,A,B,B,0,4,rep,0,9,0,0.0,1.0,0.0,0
r047,3,C,f,,,,A,A,A,A,A,B,B,B,B,,,,AA,AA,BB,BB,0,1,rep,5,4,0,0.5555555555555556,0.4444444444444444,0.0,0
r047,2,C,b,,,,X,X,X,X,X,X,X,X,X,,,,A,A,B,B,0,2,rep,0,0,9,0.0,0.0,1.0,1
r047,3,L,a,A,A,A,A,A,A,A,A,A,,,,,,,AA,AA,BB,BB,0,3,rep,9,0,0,1.0,0.0,0.0,0
r048,3,L,m,A,A,X,A,A,X,X,X,X,,,,,,,AA,AA,BB,BB,0,4,rep,4,0,5,0.4444444444444444,0.0,0.5555555555555556,1
r048,3,R,f,,,,,,,A,A,A,X,X,X,X,X,B,AA,AA,BA,BB,0,1,rep,3,1,5,0.3333333333333333,0.1111111111111111,0.5555555555555556,1
r048,2,L,b,A,A,A,A,A,B,B,B,B,,,,,,,A,A,B,B,0,2,rep,5,4,0,0.5555555555555556,0.4444444444444444,0.0,0
r048,2,C,a,,,,A,A,A,A,B,B,B,B,B,,,,A,A,B,B,0,3,rep,4,5,0,0.4444444444444444,0.5555555555555556,0.0,0
r049,2,R,f,,,,,,,X,A,A,A,X,B,B,B,B,A,A,B,B,0,4,rep,3,4,2,0.3333333333333333,0.4444444444444444,0.2222222222222222,1
r049,3,L,b,A,A,A,A,A,A,A,A,A,,,,,,,XY,AA,BA,BB,1,1,rep,9,0,0,1.0,0.0,0.0,0
r049,2,C,m,,,,X,X,X,X,B,X,B,B,B,,,,A,A,B,B,0,2,rep,0,4,5,0.0,0.4444444444444444,0.5555555555555556,1
r049,3,R,a,,,,,,,A,A,A,B,A,B,B,A,B,AA,AA,BB,BB,0,3,rep,5,4,0,0.5555555555555556,0.4444444444444444,0.0,0
r050,2,R,m,,,,,,,B,B,B,B,B,B,B,B,B,A,A,B,B,0,4,rep,0,9,0,0.0,1.0,0.0,0
r050,3,L,a,A,A,A,A,A,A,A,A,A,,,,,,,AA,AA,BB,BB,0,3,rep,9,0,0,1.0,0.0,0.0,0
r050,3,C,f,,,,A,A,A,A,A,A,A,A,A,,,,AA,AA,BB,BB,0,1,rep,9,0,0,1.0,0.0,0.0,0
r050,2,C,b,,,,X,X,X,X,B,B,B,B,B,,,,A,A,B,B,0,2,rep,0,5,4,0.0,0.5555555555555556,0.4444444444444444,1
r052,3,C,m,,,,A,A,A,A,A,A,A,A,A,,,,AA,AB,BB,BY,0,4,rep,9,0,0,1.0,0.0,0.0,0
r052,3,R,b,,,,,,,B,B,B,B,B,B,B,B,B,XY,AA,BB,BB,1,1,rep,0,9,0,0.0,1.0,0.0,0
r052,2,C,f,,,,X,X,X,X,X,X,B,B,B,,,,A,A,B,B,0,2,rep,0,3,6,0.0,0.3333333333333333,0.6666666666666666,1
r052,2,L,a,X,X,X,X,X,X,A,A,B,,,,,,,A,A,B,B,0,3,rep,2,1,6,0.2222222222222222,0.1111111111111111,0.6666666666666666,1
r053,3,L,m,A,A,X,X,X,X,X,X,X,,,,,,,AA,AA,BB,BB,0,2,rep,2,0,7,0.2222222222222222,0.0,0.7777777777777778,1
r053,2,L,b,A,A,A,A,A,A,A,A,A,,,,,,,A,A,B,B,0,1,rep,9,0,0,1.0,0.0,0.0,0
r053,3,R,f,,,,,,,X,X,X,X,X,X,X,X,B,AA,AA,BB,BB,0,4,rep,0,1,8,0.0,0.1111111111111111,0.8888888888888888,1
r053,2,C,a,,,,X,X,X,X,X,X,X,X,X,,,,A,A,B,B,0,3,rep,0,0,9,0.0,0.0,1.0,1
r054,2,R,f,,,,,,,A,A,A,A,A,A,A,A,B,A,A,B,B,0,4,rep,8,1,0,0.8888888888888888,0.1111111111111111,0.0,0
r054,3,L,b,A,A,A,A,A,A,A,A,A,,,,,,,XY,XY,BB,BB,2,1,rep,9,0,0,1.0,0.0,0.0,0
r054,2,C,m,,,,X,X,X,X,X,X,X,X,X,,,,A,A,B,B,0,3,rep,0,0,9,0.0,0.0,1.0,1
r054,3,R,a,,,,,,,X,B,B,B,B,B,B,B,B,AA,AA,BB,BB,0,2,rep,0,8,1,0.0,0.8888888888888888,0.1111111111111111,1
r055,3,C,m,,,,A,X,X,X,X,X,X,X,X,,,,AA,AB,BB,BY,0,4,rep,1,0,8,0.1111111111111111,0.0,0.8888888888888888,1
r055,2,L,a,A,A,A,A,A,A,A,A,A,,,,,,,A,A,B,B,0,3,rep,9,0,0,1.0,0.0,0.0,0
r055,3,R,b,,,,,,,A,A,A,A,B,B,B,B,B,AA,AB,BB,BB,0,1,rep,4,5,0,0.4444444444444444,0.5555555555555556,0.0,0
r055,2,C,f,,,,X,X,X,X,X,X,X,X,B,,,,A,A,B,B,0,2,rep,0,1,8,0.0,0.1111111111111111,0.8888888888888888,1
r056,2,R,m,,,,,,,B,B,B,B,B,B,B,B,B,A,A,B,B,0,4,rep,0,9,0,0.0,1.0,0.0,0
r056,3,C,f,,,,A,A,A,A,A,A,A,B,B,,,,AA,AA,BB,BB,0,1,rep,7,2,0,0.7777777777777778,0.2222222222222222,0.0,0
r056,2,C,b,,,,X,X,B,X,B,B,B,B,B,,,,A,A,B,B,0,2,rep,0,6,3,0.0,0.6666666666666666,0.3333333333333333,1
r056,3,L,a,A,A,A,A,A,A,A,A,A,,,,,,,AA,AA,BB,BB,0,3,rep,9,0,0,1.0,0.0,0.0,0
r057,3,L,m,A,A,A,A,A,A,A,A,A,,,,,,,AA,AB,BB,BY,0,4,rep,9,0,0,1.0,0.0,0.0,0
r057,2,C,a,,,,A,A,A,A,A,A,A,A,A,,,,A,A,B,B,0,3,rep,9,0,0,1.0,0.0,0.0,0
r057,3,R,f,,,,,,,X,A,X,X,X,X,X,B,B,AA,AA,BB,BB,0,1,rep,1,2,6,0.1111111111111111,0.2222222222222222,0.6666666666666666,1
r057,2,L,b,X,X,X,X,X,X,X,A,B,,,,,,,A,A,B,B,0,2,rep,1,1,7,0.1111111111111111,0.1111111111111111,0.7777777777777778,1
r058,3,L,b,A,A,A,B,B,B,B,B,B,,,,,,,AA,AA,BB,BB,0,3,rep,3,6,0,0.3333333333333333,0.6666666666666666,0.0,0
r058,3,R,a,,,,,,,A,A,X,X,X,B,B,B,B,AA,AA,BA,BB,0,1,rep,2,4,3,0.2222222222222222,0.4444444444444444,0.3333333333333333,1
r058,2,R,f,,,,,,,X,X,X,X,X,B,B,B,B,A,A,B,B,0,2,rep,0,4,5,0.0,0.4444444444444444,0.5555555555555556,1
r058,2,C,m,,,,B,B,B,B,B,B,B,B,B,,,,A,A,B,B,0,4,rep,0,9,0,0.0,1.0,0.0,0
r059,3,C,m,,,,X,X,X,X,X,X,X,X,X,,,,AA,AA,BB,BY,0,4,rep,0,0,9,0.0,0.0,1.0,1
r059,2,L,a,A,A,A,A,A,A,A,A,A,,,,,,,A,A,B,B,0,3,rep,9,0,0,1.0,0.0,0.0,0
r059,3,R,b,,,,,,,A,A,A,X,X,B,B,B,B,AA,AA,BA,BB,0,1,rep,3,4,2,0.3333333333333333,0.4444444444444444,0.2222222222222222,1
r059,2,C,f,,,,X,X,B,B,B,B,B,B,B,,,,A,A,B,B,0,2,rep,0,7,2,0.0,0.7777777777777778,0.2222222222222222,1
r060,2,R,b,,,,,,,B,B,B,B,B,B,B,B,B,A,A,B,X,1,2,rep,0,9,0,0.0,1.0,0.0,0
r060,2,L,m,A,A,A,A,A,A,A,A,A,,,,,,,A,A,B,B,0,1,rep,9,0,0,1.0,0.0,0.0,0
r060,3,L,f,A,A,A,A,A,A,A,A,A,,,,,,,AA,AA,BB,BB,0,3,rep,9,0,0,1.0,0.0,0.0,0
r060,3,C,a,,,,B,B,B,B,B,B,B,B,B,,,,AA,AA,BB,BB,0,4,rep,0,9,0,0.0,1.0,0.0,0
r061,3,R,f,,,,,,,X,X,X,X,X,X,B,B,B,AA,AA,BB,BB,0,3,rep,0,3,6,0.0,0.3333333333333333,0.6666666666666666,1
r061,2,C,a,,,,A,A,A,A,A,X,X,X,B,,,,A,A,B,B,0,1,rep,5,1,3,0.5555555555555556,0.1111111111111111,0.3333333333333333,1
r061,3,L,m,A,X,X,X,X,X,B,X,B,,,,,,,AB,AB,BB,BB,0,2,rep,1,2,6,0.1111111111111111,0.2222222222222222,0.6666666666666666,1
r061,2,L,b,A,B,B,B,B,B,B,B,B,,,,,,,A,A,B,B,0,4,rep,1,8,0,0.1111111111111111,0.8888888888888888,0.0,0
r062,3,C,b,,,,B,B,B,B,B,B,B,B,B,,,,AB,AB,BB,BB,0,4,rep,0,9,0,0.0,1.0,0.0,0
r062,3,R,m,,,,,,,A,A,A,X,X,X,B,B,B,AA,AA,BA,BB,0,1,rep,3,3,3,0.3333333333333333,0.3333333333333333,0.3333333333333333,1
r062,2,L,f,A,X,X,X,X,X,X,X,X,,,,,,,A,A,B,B,0,2,rep,1,0,8,0.1111111111111111,0.0,0.8888888888888888,1
r062,2,R,a,,,,,,,X,X,X,X,X,X,X,X,X,A,A,B,B,0,3,rep,0,0,9,0.0,0.0,1.0,1
r063,2,R,f,,,,,,,A,A,A,A,A,A,A,B,,A,A,B,B,0,4,rep,7,1,0,0.7777777777777778,0.1111111111111111,0.0,0
r063,3,R,a,,,,,,,X,X,X,X,B,B,B,B,B,AA,AA,BB,BB,0,3,rep,0,5,4,0.0,0.5555555555555556,0.4444444444444444,1
r063,3,L,b,B,A,A,A,X,X,A,A,X,,,,,,,AA,AA,AB,BB,1,1,rep,5,1,3,0.5555555555555556,0.1111111111111111,0.3333333333333333,1
r063,2,C,m,,,,X,X,B,B,B,B,B,A,B,,,,A,A,B,B,0,2,rep,1,6,2,0.1111111111111111,0.6666666666666666,0.2222222222222222,1
r065,2,R,b,,,,,,,B,B,B,B,B,B,B,B,B,A,A,B,B,0,4,rep,0,9,0,0.0,1.0,0.0,0
r065,3,L,f,A,A,A,A,A,A,A,A,A,,,,,,,AA,AA,BA,BB,0,1,rep,9,0,0,1.0,0.0,0.0,0
r065,2,L,m,A,X,X,X,X,X,X,X,X,,,,,,,A,A,B,B,0,2,rep,1,0,8,0.1111111111111111,0.0,0.8888888888888888,1
r065,3,C,a,,,,X,X,X,X,X,B,B,B,B,,,,AA,AA,BB,BB,0,3,rep,0,4,5,0.0,0.4444444444444444,0.5555555555555556,1
r066,3,C,f,,,,A,A,A,A,A,B,B,B,B,,,,AA,AA,BB,BB,0,3,rep,5,4,0,0.5555555555555556,0.4444444444444444,0.0,0
r066,3,L,a,A,A,A,A,A,A,A,X,X,,,,,,,AA,AA,BB,BB,0,1,rep,7,0,2,0.7777777777777778,0.0,0.2222222222222222,1
r066,2,R,m,,,,,,,B,B,B,B,B,B,B,B,B,A,A,B,B,0,2,rep,0,9,0,0.0,1.0,0.0,0
r066,2,C,b,,,,X,X,X,X,X,X,X,X,X,,,,A,A,B,B,0,4,rep,0,0,9,0.0,0.0,1.0,1
r067,2,R,f,,,,,,,X,X,X,X,X,X,X,X,B,A,A,B,B,0,2,rep,0,1,8,0.0,0.1111111111111111,0.8888888888888888,1
r067,2,C,m,,,,X,X,X,X,X,X,X,X,X,,,,A,A,B,B,0,1,rep,0,0,9,0.0,0.0,1.0,1
r067,3,L,b,A,A,X,X,A,X,X,X,X,,,,,,,AA,AA,BB,BB,0,3,rep,3,0,6,0.3333333333333333,0.0,0.6666666666666666,1
r067,3,R,a,,,,,,,X,X,X,X,B,B,B,B,B,AA,AB,BB,BB,0,4,rep,0,5,4,0.0,0.5555555555555556,0.4444444444444444,1
r068,3,C,m,,,,B,B,B,B,B,B,B,B,B,,,,AA,AA,BB,BB,0,4,rep,0,9,0,0.0,1.0,0.0,0
r068,3,R,b,,,,,,,A,A,A,A,X,X,B,B,B,AA,AA,BB,BB,0,1,rep,4,3,2,0.4444444444444444,0.3333333333333333,0.2222222222222222,1
r068,2,C,f,,,,X,X,B,B,B,B,B,B,B,,,,A,A,B,B,0,2,rep,0,7,2,0.0,0.7777777777777778,0.2222222222222222,1
r068,2,L,a,A,A,A,A,X,X,X,X,X,,,,,,,A,A,B,B,0,3,rep,4,0,5,0.4444444444444444,0.0,0.5555555555555556,1
r069,2,R,b,,,,,,,B,B,B,B,B,B,B,B,B,A,A,B,B,0,4,rep,0,9,0,0.0,1.0,0.0,0
r069,3,L,f,A,A,A,A,A,A,A,A,A,,,,,,,AA,AA,BB,BB,0,1,rep,9,0,0,1.0,0.0,0.0,0
r069,2,L,m,A,A,X,X,X,X,X,X,X,,,,,,,A,A,B,B,0,2,rep,2,0,7,0.2222222222222222,0.0,0.7777777777777778,1
r069,3,C,a,,,,X,X,X,X,X,X,X,X,X,,,,AA,AA,BB,BB,0,3,rep,0,0,9,0.0,0.0,1.0,1
r070,3,C,b,,,,B,B,B,B,B,B,B,B,B,,,,AB,AB,BB,BY,0,4,rep,0,9,0,0.0,1.0,0.0,0
r070,3,R,m,,,,,,,A,X,X,X,X,X,X,B,B,AA,AA,BB,BB,0,1,rep,1,2,6,0.1111111111111111,0.2222222222222222,0.6666666666666666,1
r070,2,L,f,A,A,A,A,A,A,A,A,B,,,,,,,A,A,B,B,0,2,rep,8,1,0,0.8888888888888888,0.1111111111111111,0.0,0
r070,2,R,a,,,,,,,X,X,X,X,X,X,X,B,B,A,A,B,B,0,3,rep,0,2,7,0.0,0.2222222222222222,0.7777777777777778,1
r071,2,R,b,,,,,,,A,B,B,B,B,B,B,B,B,A,A,B,B,0,4,rep,1,8,0,0.1111111111111111,0.8888888888888888,0.0,0
r071,3,L,f,B,B,B,B,A,A,A,A,A,,,,,,,AA,AB,BB,BB,0,1,rep,5,4,0,0.5555555555555556,0.4444444444444444,0.0,0
r071,2,L,m,A,A,X,X,X,X,B,X,B,,,,,,,A,A,B,B,0,2,rep,2,2,5,0.2222222222222222,0.2222222222222222,0.5555555555555556,1
r071,3,C,a,,,,X,X,X,X,X,X,X,X,X,,,,AA,AA,BA,BA,0,3,rep,0,0,9,0.0,0.0,1.0,1
r072,3,C,b,,,,B,B,B,B,B,B,B,B,B,,,,AA,AA,BB,BB,0,4,rep,0,9,0,0.0,1.0,0.0,0
r072,3,R,m,,,,,,,X,X,X,X,B,X,X,B,X,AY,AA,BB,BB,0,1,rep,0,2,7,0.0,0.2222222222222222,0.7777777777777778,1
r072,2,L,f,X,X,X,X,X,X,X,X,X,,,,,,,A,A,B,B,0,2,rep,0,0,9,0.0,0.0,1.0,1
r072,2,R,a,,,,,,,A,A,A,A,A,A,A,B,B,A,A,B,B,0,3,rep,7,2,0,0.7777777777777778,0.2222222222222222,0.0,0
r073,2,R,m,,,,,,,X,X,X,X,B,X,X,B,B,A,A,B,X,1,2,rep,0,3,6,0.0,0.3333333333333333,0.6666666666666666,1
r073,2,C,b,,,,A,A,A,A,A,A,A,A,A,,,,A,A,B,B,0,1,rep,9,0,0,1.0,0.0,0.0,0
r073,3,C,f,,,,A,A,A,A,A,A,A,A,A,,,,AA,AB,AY,BB,1,3,rep,9,0,0,1.0,0.0,0.0,0
r073,3,L,a,A,A,A,A,A,A,A,A,A,,,,,,,AA,AA,BB,BB,0,4,rep,9,0,0,1.0,0.0,0.0,0
r074,3,L,m,A,A,A,X,A,X,X,X,X,,,,,,,AA,AA,BB,BB,0,4,rep,4,0,5,0.4444444444444444,0.0,0.5555555555555556,1
r074,3,R,f,,,,,,,A,A,B,B,X,B,B,B,B,AA,AA,BB,BB,0,1,rep,2,6,1,0.2222222222222222,0.6666666666666666,0.1111111111111111,1
r074,2,L,b,A,A,X,X,X,X,X,X,X,,,,,,,A,A,B,B,0,2,rep,2,0,7,0.2222222222222222,0.0,0.7777777777777778,1
r074,2,C,a,,,,X,X,X,X,X,X,X,X,B,,,,A,A,B,B,0,3,rep,0,1,8,0.0,0.1111111111111111,0.8888888888888888,1
r075,3,C,m,,,,A,X,X,X,X,X,X,X,X,,,,AA,AA,BB,BY,0,4,rep,1,0,8,0.1111111111111111,0.0,0.8888888888888888,1
r075,3,R,b,,,,,,,X,X,X,X,X,X,X,B,B,AY,AA,BB,BB,0,1,rep,0,2,7,0.0,0.2222222222222222,0.7777777777777778,1
r075,2,C,f,,,,A,A,A,A,A,B,B,B,B,,,,A,A,B,X,1,2,rep,5,4,0,0.5555555555555556,0.4444444444444444,0.0,0
r075,2,L,a,A,X,X,X,X,X,X,X,X,,,,,,,A,A,B,B,0,3,rep,1,0,8,0.1111111111111111,0.0,0.8888888888888888,1
r077,2,R,f,,,,,,,B,B,B,B,B,B,B,B,B,A,A,B,B,0,4,rep,0,9,0,0.0,1.0,0.0,0
r077,3,R,a,,,,,,,B,B,B,B,B,B,B,B,B,AA,AA,BB,BB,0,3,rep,0,9,0,0.0,1.0,0.0,0
r077,3,L,b,A,A,A,A,A,A,A,A,A,,,,,,,AA,AA,BB,BB,0,1,rep,9,0,0,1.0,0.0,0.0,0
r077,2,C,m,,,,X,X,X,X,X,X,X,X,X,,,,A,A,B,B,0,2,rep,0,0,9,0.0,0.0,1.0,1
r078,2,R,f,,,,,,,A,A,A,B,A,A,A,A,B,A,A,B,B,0,4,rep,7,2,0,0.7777777777777778,0.2222222222222222,0.0,0
r078,3,R,a,,,,,,,B,B,B,B,B,B,B,B,B,AA,AA,BB,BB,0,3,rep,0,9,0,0.0,1.0,0.0,0
r078,3,L,b,A,A,A,A,A,A,A,A,A,,,,,,,AA,AA,BB,BB,0,1,rep,9,0,0,1.0,0.0,0.0,0
r078,2,C,m,,,,X,X,X,X,X,X,X,X,X,,,,A,A,B,B,0,2,rep,0,0,9,0.0,0.0,1.0,1
r079,3,L,m,A,A,B,A,A,A,B,A,A,,,,,,,AA,XY,BB,BB,1,4,rep,7,2,0,0.7777777777777778,0.2222222222222222,0.0,0
r079,3,R,f,,,,,,,A,A,X,X,X,X,X,X,B,AA,AA,BY,BY,0,1,rep,2,1,6,0.2222222222222222,0.1111111111111111,0.6666666666666666,1
r079,2,L,b,A,A,A,A,X,B,B,B,B,,,,,,,A,A,B,B,0,2,rep,4,4,1,0.4444444444444444,0.4444444444444444,0.1111111111111111,1
r079,2,C,a,,,,B,B,B,B,B,B,B,B,B,,,,A,A,B,B,0,3,rep,0,9,0,0.0,1.0,0.0,0
r080,2,R,m,,,,,,,B,B,B,B,B,B,B,B,B,A,A,B,B,0,4,rep,0,9,0,0.0,1.0,0.0,0
r080,3,L,a,A,A,A,A,A,A,A,A,A,,,,,,,AA,AA,BB,BB,0,3,rep,9,0,0,1.0,0.0,0.0,0
r080,3,C,f,,,,B,B,A,A,A,B,A,B,B,,,,BA,AB,BB,AA,2,1,rep,4,5,0,0.4444444444444444,0.5555555555555556,0.0,0
r080,2,C,b,,,,A,A,A,A,B,B,B,B,B,,,,A,A,B,B,0,2,rep,4,5,0,0.4444444444444444,0.5555555555555556,0.0,0
r081,3,L,m,A,B,B,B,A,B,B,A,A,,,,,,,AA,XY,BB,BB,1,4,rep,4,5,0,0.4444444444444444,0.5555555555555556,0.0,0
r081,3,R,f,,,,,,,X,A,A,A,A,A,A,B,B,AA,AA,BA,BB,0,1,rep,6,2,1,0.6666666666666666,0.2222222222222222,0.1111111111111111,1
r081,2,L,b,A,X,X,X,X,X,X,X,X,,,,,,,A,A,B,B,0,2,rep,1,0,8,0.1111111111111111,0.0,0.8888888888888888,1
r081,2,C,a,,,,A,A,A,A,A,A,A,A,A,,,,A,A,B,X,1,3,rep,9,0,0,1.0,0.0,0.0,0
