P_ID,DEPTH,LOC,ORDER,I09,I10,I11,I12,I13,I14,I15,I16,I17,I18,I19,I20,I21,I22,I23,I01,I03,I29,I31,ERRORS,STIMULI,POOL
p001,2,R,m,,,,,,,X,X,X,X,X,X,X,X,B,X,X,X,B,3,1,prolific
p001,3,L,a,AB,AB,AB,AY,AY,AY,AY,BY,BY,,,,,,,AA,AA,BB,BB,0,2,prolific
p001,3,C,f,,,,AY,AY,AY,AY,AY,AY,AY,AY,AY,,,,AA,AA,BB,BY,0,4,prolific
p001,2,C,b,,,,B,B,B,B,B,B,B,B,B,,,,A,A,B,B,0,3,prolific
p002,3,R,a,,,,,,,AA,AA,AA,AA,AA,AA,AA,AA,AA,AA,AA,AA,AA,2,1,prolific
p002,2,C,m,,,,X,X,X,X,X,X,X,B,X,,,,A,A,B,B,0,2,prolific
p002,2,R,f,,,,,,,B,B,B,B,B,B,B,B,B,A,A,B,X,1,4,prolific
p002,3,L,b,AB,AB,AB,AB,BY,BY,BY,BY,BY,,,,,,,AA,AA,BB,BB,0,3,prolific
p003,3,R,b,,,,,,,BA,BA,BA,BA,BA,BA,BA,BA,BA,AA,AA,BB,BB,0,3,prolific
p003,2,L,a,A,A,A,A,A,A,A,A,A,,,,,,,A,A,B,B,0,1,prolific
p003,2,C,f,,,,A,A,A,A,A,X,X,X,X,,,,A,A,B,B,0,4,prolific
p003,3,C,m,,,,BY,BY,BY,BY,BY,BY,BY,BY,BY,,,,AA,AA,BB,BB,0,2,prolific
p004,2,L,m,A,X,A,B,A,B,X,X,X,,,,,,,A,A,B,B,0,4,prolific
p004,3,C,a,,,,AB,AB,AB,AB,AB,AB,AB,BA,BA,,,,AA,AA,BB,BB,0,3,prolific
p004,3,L,f,AB,AB,AB,AB,AB,AB,XY,XY,XY,,,,,,,AA,AA,BA,BB,0,1,prolific
p004,2,R,b,,,,,,,B,B,B,B,B,B,B,B,B,A,A,X,X,2,2,prolific
p005,2,L,b,B,B,B,B,B,B,B,B,B,,,,,,,A,A,B,X,1,4,prolific
p005,3,L,m,AB,AB,AB,AB,AB,AB,AB,AB,AB,,,,,,,AA,AA,BB,BB,0,1,prolific
p005,3,R,f,,,,,,,XY,XY,XY,XY,XY,XY,BA,XY,BA,AA,AA,BB,BY,0,2,prolific
p005,2,C,a,,,,X,X,X,X,X,X,X,B,X,,,,A,A,B,B,0,3,prolific
p006,3,C,b,,,,XY,XY,XY,XY,XY,XY,XY,XY,XY,,,,AA,AA,BB,BB,0,4,prolific
p006,2,R,a,,,,,,,A,A,A,X,X,X,X,B,B,A,A,B,B,0,1,prolific
p006,3,R,m,,,,,,,XY,XY,XY,XY,XY,XY,BA,BA,BA,AA,AA,BB,BB,0,2,prolific
p006,2,L,f,A,A,A,A,A,A,A,A,A,,,,,,,A,A,B,B,0,3,prolific
p007,3,L,m,XY,XY,XY,XY,XY,XY,XY,XY,XY,,,,,,,AA,AA,BB,BB,0,2,prolific
p007,3,R,f,,,,,,,XY,XY,XY,XY,XY,XY,BA,BA,BA,AA,AA,BB,BB,0,4,prolific
p007,2,C,a,,,,A,A,A,A,A,A,B,B,A,,,,A,A,B,B,0,3,prolific
p007,2,L,b,A,A,A,A,A,A,A,A,A,,,,,,,A,A,B,B,0,1,prolific
p008,3,R,a,,,,,,,XY,XY,XY,XY,XY,XY,BA,BA,BA,AA,AA,BB,BB,0,1,prolific
p008,2,C,m,,,,X,A,X,X,A,X,X,X,B,,,,A,A,A,B,1,2,prolific
p008,2,R,f,,,,,,,B,B,B,B,B,B,B,B,B,A,A,B,B,0,4,prolific
p008,3,L,b,AY,AY,AY,AY,BY,BY,BY,BY,BY,,,,,,,AA,AA,BB,BB,0,3,prolific
p009,3,R,b,,,,,,,BA,BA,BA,BA,BA,BA,BA,BA,BA,AA,AA,BB,BB,0,3,prolific
p009,2,L,a,A,A,A,A,A,A,A,B,B,,,,,,,X,A,B,B,1,1,prolific
p009,2,C,f,,,,A,A,A,A,A,A,A,A,B,,,,A,A,B,X,1,4,prolific
p009,3,C,m,,,,AB,BA,BA,BA,BB,BA,BA,BB,BB,,,,AA,AA,XY,XY,2,2,prolific
p010,2,R,m,,,,,,,A,A,A,X,X,X,B,B,B,A,A,B,B,0,1,prolific
p010,3,L,a,AB,AB,BA,AB,BA,BA,BA,BA,BA,,,,,,,AA,AA,BB,BB,0,2,prolific
p010,3,C,f,,,,AY,AY,AY,AY,BA,BA,BA,BA,BA,,,,BY,BY,BB,BB,2,4,prolific
p010,2,C,b,,,,X,X,X,X,X,X,X,X,X,,,,A,A,B,B,0,3,prolific
p011,2,L,m,A,A,A,A,A,A,A,A,B,,,,,,,A,A,B,B,0,4,prolific
p011,3,C,a,,,,AB,BA,BA,BA,BA,BA,BA,BA,BA,,,,AA,AA,BB,BB,0,3,prolific
p011,3,L,f,AA,BA,AA,BB,BA,AB,AA,BA,AA,,,,,,,AB,BB,AB,BB,2,1,prolific
p011,2,R,b,,,,,,,B,B,B,B,B,B,B,B,B,A,A,B,B,0,2,prolific
p012,3,C,b,,,,BA,BA,BA,BA,BA,BA,BA,BA,AY,,,,AA,AY,BB,BB,0,2,prolific
p012,3,R,m,,,,,,,BA,BA,BA,BA,BA,BA,BA,BA,BA,AB,AA,BB,BY,0,4,prolific
p012,2,R,a,,,,,,,A,X,X,X,X,X,X,X,B,A,A,B,B,0,3,prolific
p012,2,L,f,A,A,A,A,A,A,A,A,A,,,,,,,X,A,B,B,1,1,prolific
p013,2,L,a,A,A,A,A,A,A,A,A,X,,,,,,,A,A,B,B,0,1,prolific
p013,2,C,f,,,,A,X,X,X,B,X,X,X,X,,,,A,A,B,B,0,2,prolific
p013,3,C,m,,,,XY,XY,XY,XY,XY,XY,XY,BA,BA,,,,AA,AB,BB,BB,0,4,prolific
p013,3,R,b,,,,,,,XY,XY,AB,XY,BA,BA,BA,BA,BA,AA,AA,XY,BB,1,3,prolific
p014,3,C,a,,,,AB,AB,AY,AY,AY,AY,AY,AY,BY,,,,XY,AA,BA,BB,1,1,prolific
p014,2,L,m,A,A,A,A,A,A,A,A,A,,,,,,,A,A,B,B,0,4,prolific
p014,2,R,b,,,,,,,X,X,X,X,X,X,X,X,X,A,A,X,B,1,3,prolific
p014,3,L,f,AB,AB,AB,AB,AB,BA,BA,BA,BA,,,,,,,AA,AA,BB,BB,0,2,prolific
p015,2,C,a,,,,A,A,A,B,B,B,B,B,B,,,,A,A,B,B,0,3,prolific
p015,3,R,f,,,,,,,BA,BA,BA,BA,BA,BA,BA,BA,BA,AA,AA,BB,BB,0,4,prolific
p015,2,L,b,A,A,A,A,A,A,A,A,B,,,,,,,A,A,B,B,0,1,prolific
p015,3,L,m,AB,AB,AB,AB,AB,AB,AB,AB,AB,,,,,,,AA,AA,BB,BB,0,2,prolific
p016,2,R,a,,,,,,,A,A,A,X,X,X,B,B,B,A,A,B,B,0,1,prolific
p016,3,C,b,,,,AY,AY,AY,AY,AY,AY,AY,AY,AY,,,,AA,AA,BB,BY,0,4,prolific
p016,2,L,f,A,A,A,A,A,A,A,A,A,,,,,,,A,A,B,B,0,3,prolific
p016,3,R,m,,,,,,,BY,BY,BA,BA,BA,BA,BA,BA,BA,AA,AA,BB,BB,0,2,prolific
p017,3,C,m,,,,XY,XY,XY,XY,XY,BA,XY,BA,BA,,,,AA,AA,BB,BB,0,2,prolific
p017,3,R,b,,,,,,,BA,BA,BA,BA,BA,BA,BA,BA,BA,AA,AA,BB,BB,0,4,prolific
p017,2,L,a,A,A,A,A,A,A,A,A,A,,,,,,,A,A,B,B,0,3,prolific
p017,2,C,f,,,,A,A,A,A,A,A,A,A,A,,,,X,A,B,B,1,1,prolific
p018,3,C,a,,,,AA,BA,AB,AB,AB,BB,BB,AA,BA,,,,BA,BB,AA,XY,4,1,prolific
p018,2,L,m,X,B,B,B,A,A,A,X,X,,,,,,,X,A,B,A,2,2,prolific
p018,2,R,b,,,,,,,A,A,B,A,B,B,X,B,A,A,X,A,B,2,4,prolific
p018,3,L,f,AB,AB,AB,AB,AB,AB,AB,AB,AB,,,,,,,AA,AA,BA,BA,0,3,prolific
p019,3,L,m,XY,XY,XY,XY,AB,BA,XY,BY,BY,,,,,,,AA,AB,BB,BB,0,1,prolific
p019,2,C,a,,,,A,A,A,A,X,X,X,X,X,,,,A,A,B,B,0,2,prolific
p019,3,R,f,,,,,,,BY,BY,BY,BY,BY,BY,BA,BA,BA,AB,AA,BB,BB,0,4,prolific
p019,2,L,b,X,X,X,X,X,X,X,X,X,,,,,,,A,A,B,B,0,3,prolific
p020,2,R,f,,,,,,,A,A,A,A,A,A,A,A,B,A,A,B,B,0,3,prolific
p020,3,L,b,AB,BY,BY,BY,BY,BY,BY,BY,BY,,,,,,,AA,AA,BB,BB,0,4,prolific
p020,2,C,m,,,,X,X,X,X,X,X,X,X,X,,,,A,A,B,B,0,1,prolific
p020,3,R,a,,,,,,,BA,BA,BA,BA,BA,BA,BA,BA,BA,AA,AA,BB,BB,0,2,prolific
p021,2,L,a,X,A,X,X,X,X,X,X,X,,,,,,,A,A,B,B,0,2,prolific
p021,3,C,m,,,,BY,BY,BY,BB,BY,BB,BY,AY,AY,,,,AA,AA,BB,BB,0,1,prolific
p021,2,C,f,,,,A,A,X,A,X,X,X,X,X,,,,A,A,B,B,0,3,prolific
p021,3,R,b,,,,,,,AB,AB,AB,BA,BA,BA,BA,BA,BA,AA,AA,BB,BB,0,4,prolific
p022,3,C,b,,,,BA,BA,BA,BA,BA,BA,BA,BA,BA,,,,AA,BY,BB,XY,2,4,prolific
p022,2,R,a,,,,,,,X,X,X,X,X,X,B,B,B,X,A,B,B,1,1,prolific
p022,3,R,m,,,,,,,BY,BY,BY,BY,BY,BY,BY,BA,BY,AA,AA,XY,XY,2,2,prolific
p022,2,L,f,A,A,A,A,X,X,X,X,X,,,,,,,A,A,B,B,0,3,prolific
p023,2,L,b,A,B,B,B,B,B,B,B,B,,,,,,,A,A,B,B,0,4,prolific
p023,3,L,m,AB,AY,AY,AY,AY,AY,AY,AY,BY,,,,,,,XY,AA,BB,BB,1,1,prolific
p023,3,R,f,,,,,,,BY,BY,BY,BY,BY,BY,BY,BY,BA,AA,AA,BB,XY,1,2,prolific
p023,2,C,a,,,,A,A,A,A,A,B,B,B,B,,,,A,A,B,B,0,3,prolific
p024,3,L,b,AB,BY,BY,AY,BY,AY,AY,AY,AY,,,,,,,AA,AA,BB,BB,0,2,prolific
p024,3,R,a,,,,,,,AY,AY,AY,AB,BY,BY,BY,BA,BY,AA,AA,BB,BB,0,1,prolific
p024,2,R,f,,,,,,,X,X,X,X,X,X,X,X,X,A,A,B,B,0,3,prolific
p024,2,C,m,,,,A,X,X,X,X,X,X,B,B,,,,A,A,B,B,0,4,prolific
p025,3,L,a,AB,AY,AY,AY,AY,AY,AY,AY,AY,,,,,,,AA,AA,BB,BB,0,3,prolific
p025,3,C,f,,,,BY,BY,BY,BY,BY,BA,BA,BA,BA,,,,AA,AA,BB,XY,1,2,prolific
p025,2,R,m,,,,,,,B,B,B,B,B,B,B,B,B,A,A,B,B,0,4,prolific
p025,2,C,b,,,,A,A,A,A,A,X,X,X,X,,,,A,A,B,B,0,1,prolific
p026,2,C,f,,,,A,A,A,A,A,A,A,B,A,,,,A,A,B,B,0,3,prolific
p026,3,C,m,,,,AB,XY,AY,BY,XY,XY,BY,AY,BY,,,,AY,XY,BY,AY,2,2,prolific
p026,2,L,a,A,A,A,X,X,X,X,X,X,,,,,,,A,A,B,B,0,4,prolific
p026,3,R,b,,,,,,,AA,BA,XY,XY,BA,XY,AB,XY,XY,XY,BB,AA,BB,3,1,prolific
p027,3,L,m,AB,AB,AB,AY,AY,AY,AY,AY,AY,,,,,,,AA,AA,BB,BY,0,3,prolific
p027,2,C,a,,,,A,X,A,X,X,X,X,X,X,,,,A,A,B,B,0,1,prolific
p027,2,L,b,A,A,X,X,X,X,X,X,B,,,,,,,A,A,B,B,0,4,prolific
p027,3,R,f,,,,,,,XY,XY,XY,XY,XY,BA,BA,BA,BA,AA,AA,BB,BB,0,2,prolific
p028,2,L,m,A,A,A,A,A,A,A,A,A,,,,,,,A,A,B,B,0,3,prolific
p028,2,R,b,,,,,,,B,B,B,B,B,B,B,B,B,A,A,B,X,1,4,prolific
p028,3,L,f,AB,AB,AB,AB,AB,AB,AB,AB,AB,,,,,,,AA,AA,BB,BB,0,1,prolific
p028,3,C,a,,,,AY,AY,AY,AY,BY,BY,BY,BY,BY,,,,AA,AA,BA,BB,0,2,prolific
p029,2,R,a,,,,,,,A,A,B,B,B,B,B,B,B,A,A,B,B,0,3,prolific
p029,2,L,f,A,A,A,A,A,B,B,B,B,,,,,,,A,A,B,B,0,2,prolific
p029,3,R,m,,,,,,,AB,AY,AY,AY,AY,AY,AY,AY,AY,AA,AA,BB,BB,0,4,prolific
p029,3,C,b,,,,AB,AA,AB,AA,AB,AB,XY,XY,XY,,,,AA,AA,BA,BB,0,1,prolific
p030,2,C,b,,,,A,A,A,A,A,B,B,B,X,,,,X,X,B,B,2,3,prolific
p030,3,C,f,,,,AB,AB,AB,AB,AB,AB,AB,AB,AB,,,,AA,AA,BB,BB,0,4,prolific
p030,2,R,m,,,,,,,A,A,A,X,X,X,X,B,B,X,A,B,B,1,1,prolific
p030,3,L,a,AB,AB,AB,AB,XY,XY,XY,XY,XY,,,,,,,AA,AA,BB,BB,0,2,prolific
p031,3,L,m,AB,AB,AB,AB,AB,AB,AB,AB,BA,,,,,,,AA,AA,BB,BB,0,4,prolific
p031,2,L,b,A,A,A,A,A,A,A,A,A,,,,,,,A,A,B,B,0,1,prolific
p031,3,R,f,,,,,,,AB,AB,BA,AB,BA,BA,BA,BA,BA,AA,AA,BB,BB,0,2,prolific
p031,2,C,a,,,,A,B,A,A,B,B,B,B,B,,,,A,A,B,B,0,3,prolific
p032,3,C,a,,,,AB,AB,AB,AB,AB,XY,XY,XY,XY,,,,AA,AA,BB,BB,0,1,prolific
p032,2,R,b,,,,,,,A,B,B,B,B,B,B,B,B,A,A,B,B,0,3,prolific
p032,2,L,m,A,A,A,A,A,A,A,A,A,,,,,,,A,A,B,B,0,4,prolific
p032,3,L,f,AB,AB,AB,AB,AB,AB,AB,AB,AB,,,,,,,AA,AA,BB,BB,0,2,prolific
p033,2,L,a,A,A,A,A,A,A,A,A,B,,,,,,,A,A,B,B,0,2,prolific
p033,2,C,f,,,,X,A,X,X,X,X,X,X,X,,,,X,A,B,B,1,1,prolific
p033,3,R,b,,,,,,,BA,BA,BA,BA,BA,BA,BA,BA,BA,AA,AB,BB,BB,0,4,prolific
p033,3,C,m,,,,BY,BY,BY,BY,BY,BY,BY,BY,BY,,,,AA,AA,BB,BB,0,3,prolific
p034,3,R,m,,,,,,,BY,BY,BY,BY,BY,BY,BY,BA,BA,AA,AA,BB,BB,0,4,prolific
p034,2,L,f,A,A,A,A,A,A,A,A,X,,,,,,,A,A,B,B,0,1,prolific
p034,2,R,a,,,,,,,X,X,X,X,B,X,B,B,B,A,A,B,B,0,2,prolific
p034,3,C,b,,,,BY,BY,BY,BY,BY,BY,BY,BY,BA,,,,AA,AA,BB,BB,0,3,prolific
p035,2,C,m,,,,X,X,B,A,B,A,X,B,X,,,,A,A,B,B,0,3,prolific
p035,3,L,b,XY,XY,XY,XY,AA,AA,AB,BB,BA,,,,,,,AB,AA,BB,BA,0,2,prolific
p035,2,R,f,,,,,,,X,X,B,B,B,B,B,B,B,A,A,B,B,0,4,prolific
p035,3,R,a,,,,,,,AY,XY,XY,XY,XY,XY,XY,XY,BA,AA,AB,BY,BB,0,1,prolific
p036,3,L,a,AB,AB,AB,AB,AY,AY,AY,AY,AY,,,,,,,AA,AA,BB,BB,0,1,prolific
p036,2,C,b,,,,A,B,B,B,B,B,B,B,B,,,,A,A,B,X,1,2,prolific
p036,3,C,f,,,,AY,AY,AY,AY,AY,AY,AY,AY,AY,,,,AA,AA,BB,BB,0,3,prolific
p036,2,R,m,,,,,,,B,B,B,B,B,B,B,B,B,A,A,B,B,0,4,prolific
p037,3,C,m,,,,AB,BA,BA,BA,BA,BA,BA,BA,BA,,,,AY,AB,AB,BB,1,1,prolific
p037,3,R,b,,,,,,,BA,BA,BA,BA,BA,BA,BA,BA,BA,AB,AB,BB,BY,0,4,prolific
p037,2,L,a,A,A,X,X,X,X,X,X,X,,,,,,,A,A,B,B,0,2,prolific
p037,2,C,f,,,,X,X,X,X,X,X,X,B,B,,,,A,A,B,B,0,3,prolific
p038,2,L,m,A,A,A,A,A,A,A,A,A,,,,,,,A,A,B,B,0,3,prolific
p038,2,R,b,,,,,,,A,A,A,B,B,B,B,B,B,A,A,B,B,0,1,prolific
p038,3,C,a,,,,AB,AB,AB,AB,BA,BA,BA,BA,BA,,,,AA,AA,BB,BB,0,2,prolific
p038,3,L,f,AY,BY,BY,BY,BY,BY,BY,BY,BY,,,,,,,AY,AA,BB,BB,0,4,prolific
p039,2,C,a,,,,B,B,B,B,B,B,B,B,B,,,,X,X,B,B,2,4,prolific
p039,3,L,m,AB,AB,AB,AB,AB,AB,AB,AB,AB,,,,,,,AA,AA,BB,BB,0,1,prolific
p039,3,R,f,,,,,,,AY,AY,AY,AY,AY,AY,AY,AY,BA,AA,AA,AY,BB,1,3,prolific
p039,2,L,b,A,A,X,X,X,X,X,X,X,,,,,,,A,A,B,B,0,2,prolific
p040,2,R,a,,,,,,,B,B,B,B,B,B,B,B,B,X,A,B,B,1,4,prolific
p040,3,C,b,,,,AB,AB,AB,AB,AB,AB,BA,BA,BA,,,,AB,AB,BB,AB,1,1,prolific
p040,3,R,m,,,,,,,BA,BA,BA,BA,BA,BA,BA,BA,BA,AA,AA,BB,BB,0,3,prolific
p040,2,L,f,A,A,A,A,A,A,A,A,A,,,,,,,A,A,B,B,0,2,prolific
p041,2,R,f,,,,,,,X,A,X,A,B,B,B,B,X,X,A,X,X,3,2,prolific
p041,3,L,b,XY,XY,XY,XY,XY,XY,XY,XY,XY,,,,,,,AA,AA,BB,BB,0,4,prolific
p041,3,R,a,,,,,,,XY,XY,XY,XY,BA,BA,BA,BA,BA,AA,AA,BB,BB,0,3,prolific
p041,2,C,m,,,,X,X,X,X,X,X,X,X,X,,,,A,A,B,B,0,1,prolific
p042,3,C,m,,,,BY,BY,BY,BY,BY,BY,BY,BY,BA,,,,AB,AB,BB,BB,0,2,prolific
p042,3,R,b,,,,,,,BA,BA,BA,BA,BA,BA,BA,BA,BA,AY,AY,BB,BY,0,4,prolific
p042,2,L,a,A,A,A,A,A,A,A,A,A,,,,,,,A,A,B,B,0,3,prolific
p042,2,C,f,,,,A,A,A,A,A,A,A,A,A,,,,X,A,B,B,1,1,prolific
p043,3,L,a,AB,AB,BA,AB,AB,BA,BA,BA,BA,,,,,,,AA,AA,BB,BB,0,4,prolific
p043,2,R,m,,,,,,,A,A,X,X,X,X,X,X,B,A,A,B,B,0,1,prolific
p043,3,C,f,,,,XY,XY,XY,XY,XY,BA,BA,BA,BA,,,,AA,AB,BB,BB,0,2,prolific
p043,2,C,b,,,,X,X,X,X,B,B,B,B,B,,,,A,A,B,B,0,3,prolific
p044,2,C,b,,,,B,B,B,B,B,B,B,B,B,,,,A,A,B,B,0,4,prolific
p044,2,R,m,,,,,,,A,A,A,X,X,X,X,B,B,A,A,B,B,0,1,prolific
p044,3,C,f,,,,XY,XY,XY,XY,XY,XY,XY,XY,XY,,,,AA,AA,BY,BY,0,2,prolific
p044,3,L,a,AB,AY,AY,AY,AY,AY,AY,AY,AY,,,,,,,AA,AA,BB,BB,0,3,prolific
p045,2,R,f,,,,,,,A,A,A,A,A,A,A,A,B,A,A,B,B,0,3,prolific
p045,3,L,b,AA,AA,AB,AB,AB,AB,AB,AB,BA,,,,,,,AA,AA,BB,BB,0,4,prolific
p045,2,C,m,,,,A,A,A,A,B,B,B,B,B,,,,A,A,B,B,0,1,prolific
p045,3,R,a,,,,,,,BA,BA,BA,BA,BA,BA,BA,BA,BA,AA,AA,BB,BB,0,2,prolific
p046,3,C,m,,,,AY,AY,AY,BY,AY,AY,BY,BY,BY,,,,AA,AB,BB,AY,1,4,prolific
p046,2,L,a,A,A,A,A,A,A,A,A,A,,,,,,,A,A,B,B,0,1,prolific
p046,3,R,b,,,,,,,BA,BA,BA,BA,BA,BA,BA,BA,BA,AA,AA,BY,BY,0,2,prolific
p046,2,C,f,,,,A,A,A,A,A,A,A,A,X,,,,A,A,B,B,0,3,prolific
p047,2,C,a,,,,A,A,A,A,A,B,A,B,B,,,,A,A,B,B,0,3,prolific
p047,3,R,f,,,,,,,XY,XY,XY,XY,BA,XY,BA,XY,XY,AA,AA,BB,BB,0,2,prolific
p047,3,L,m,XY,XY,XY,XY,XY,XY,XY,BA,BA,,,,,,,AB,AA,BB,BB,0,4,prolific
p047,2,L,b,A,A,A,A,A,A,A,A,X,,,,,,,A,A,B,B,0,1,prolific
p048,2,L,f,A,A,A,A,A,A,A,A,A,,,,,,,A,A,B,B,0,3,prolific
p048,3,C,b,,,,AY,AY,AY,AY,BY,BY,BY,BY,BA,,,,AA,AA,BB,BB,0,2,prolific
p048,2,R,a,,,,,,,B,B,B,B,B,B,B,B,B,A,A,B,X,1,4,prolific
p048,3,R,m,,,,,,,AB,XY,XY,XY,XY,XY,XY,XY,BA,AY,AA,BB,BB,0,1,prolific
p049,2,L,a,X,X,X,X,X,X,X,X,X,,,,,,,A,A,B,B,0,3,prolific
p049,2,C,f,,,,X,X,X,X,X,B,B,B,B,,,,A,A,B,B,0,2,prolific
p049,3,R,b,,,,,,,BA,BA,BA,BA,BA,BA,BA,BA,BA,AA,AB,BB,XY,1,4,prolific
p049,3,C,m,,,,AB,AB,AY,AY,BY,AY,AY,AY,AY,,,,AA,AA,BB,BB,0,1,prolific
p050,2,R,m,,,,,,,A,A,A,A,A,B,B,B,B,A,A,B,B,0,3,prolific
p050,3,L,a,AB,AB,AB,AB,AB,AB,BA,AB,AB,,,,,,,AA,AA,BB,BB,0,1,prolific
p050,2,C,b,,,,B,B,B,B,B,B,B,B,B,,,,A,A,B,B,0,4,prolific
p050,3,C,f,,,,AB,AB,AB,AB,AB,BA,BA,BA,BA,,,,AA,AA,BB,BB,0,2,prolific
p051,3,C,a,,,,AB,AB,AB,AB,AB,AB,XY,XY,XY,,,,XY,AA,BB,BB,1,1,prolific
p051,2,L,m,A,A,A,A,A,A,A,A,A,,,,,,,A,A,B,B,0,3,prolific
p051,2,R,b,,,,,,,B,B,B,B,B,B,B,B,B,A,A,B,B,0,2,prolific
p051,3,L,f,AB,AB,AB,AB,AB,AB,AB,AB,AB,,,,,,,AA,AA,BB,BB,0,4,prolific
p052,2,R,a,,,,,,,B,B,B,B,B,B,B,B,B,A,A,B,B,0,2,prolific
p052,2,L,f,A,A,A,A,A,A,A,A,A,,,,,,,A,A,B,B,0,1,prolific
p052,3,R,m,,,,,,,BA,BA,BA,BA,BA,BA,BA,BA,BA,AA,AA,BB,BB,0,4,prolific
p052,3,C,b,,,,AB,AB,AB,AB,BA,BA,BA,BA,BA,,,,AA,AA,BB,BB,0,3,prolific
p053,3,R,a,,,,,,,AY,AY,AY,XY,XY,XY,BY,BY,BY,AA,AA,BA,BB,0,1,prolific
p053,2,R,f,,,,,,,A,A,A,A,A,A,A,A,B,A,A,B,B,0,3,prolific
p053,2,C,m,,,,B,B,B,B,B,B,B,B,B,,,,A,A,B,B,0,4,prolific
p053,3,L,b,AB,AB,AB,AB,BA,BA,BA,BA,BA,,,,,,,AA,AA,BB,BB,0,2,prolific
p054,3,R,b,,,,,,,BA,BA,BA,BA,BA,BA,BA,BA,BA,AA,AA,BB,BB,0,4,prolific
p054,2,C,f,,,,A,A,A,A,A,A,B,B,B,,,,A,A,B,B,0,1,prolific
p054,2,L,a,A,A,A,A,A,B,B,B,B,,,,,,,A,A,B,B,0,2,prolific
p054,3,C,m,,,,AB,AB,AB,AB,AB,AB,AB,AB,AB,,,,AA,AA,BB,BB,0,3,prolific
p055,2,C,a,,,,A,A,A,A,A,A,B,B,B,,,,A,A,B,B,0,1,prolific
p055,2,L,b,X,X,A,X,X,X,X,B,B,,,,,,,A,A,B,B,0,2,prolific
p055,3,R,f,,,,,,,AY,AY,AY,AY,AY,AY,AY,AY,AY,AA,AA,AY,AY,2,3,prolific
p055,3,L,m,AB,AB,BY,BY,BY,BY,BY,BY,BY,,,,,,,AA,AA,BB,BB,0,4,prolific
p056,2,R,m,,,,,,,B,B,B,B,B,B,B,B,B,A,A,B,B,0,4,prolific
p056,2,C,b,,,,A,A,A,A,A,X,X,X,X,,,,A,A,B,B,0,1,prolific
p056,3,C,f,,,,XY,XY,BY,BY,BY,BY,BA,BY,BY,,,,AA,AA,BB,BB,0,2,prolific
p056,3,L,a,AY,AB,AB,AY,AY,AY,AY,AY,AY,,,,,,,AA,AA,BB,BB,0,3,prolific
p057,2,L,m,A,A,A,A,A,A,A,A,A,,,,,,,A,A,B,B,0,3,prolific
p057,3,L,f,AA,AB,AY,AY,AY,AY,AY,AY,AY,,,,,,,AA,AA,BB,BY,0,2,prolific
p057,2,R,b,,,,,,,B,B,B,B,B,B,B,B,B,A,A,B,X,1,4,prolific
p057,3,C,a,,,,AA,BY,BY,BY,BY,BA,BA,BA,BA,,,,AY,AB,BB,BB,0,1,prolific
p058,3,C,b,,,,AB,BA,BA,BA,BA,BA,BA,BA,BA,,,,AA,AA,BB,BB,0,1,prolific
p058,3,R,m,,,,,,,BA,BA,BA,BA,BA,BA,BA,BA,BA,AA,AA,BB,BB,0,4,prolific
p058,2,R,a,,,,,,,X,X,X,X,X,X,B,B,B,A,A,B,B,0,2,prolific
p058,2,L,f,A,A,A,A,A,A,A,A,A,,,,,,,A,A,B,B,0,3,prolific
p059,2,L,f,A,A,A,A,A,A,A,A,A,,,,,,,A,A,B,B,0,4,prolific
p059,3,C,b,,,,BA,BA,BA,BA,AB,BA,BA,BA,AB,,,,AB,AA,BB,BB,0,1,prolific
p059,2,R,a,,,,,,,A,B,B,B,B,B,B,B,B,A,A,B,B,0,2,prolific
p059,3,R,m,,,,,,,BA,BA,BA,BA,BA,BA,BA,BA,BA,AA,AA,BB,BB,0,3,prolific
p060,3,R,f,,,,,,,AY,AY,AY,BY,BY,BY,BY,BA,BA,XY,AA,BB,BB,1,1,prolific
p060,2,C,a,,,,B,B,B,B,B,B,B,B,B,,,,A,A,B,B,0,4,prolific
p060,2,L,b,A,A,X,X,X,X,X,X,X,,,,,,,A,A,B,B,0,3,prolific
p060,3,L,m,AB,AB,AY,XY,XY,XY,AY,AY,BA,,,,,,,AA,AB,BB,BY,0,2,prolific
p061,2,C,m,,,,X,X,X,X,X,X,X,B,B,,,,A,A,B,B,0,3,prolific
p061,3,L,b,AB,AB,AB,AB,AB,XY,XY,XY,XY,,,,,,,AA,AA,BB,BB,0,1,prolific
p061,3,R,a,,,,,,,BA,BA,BA,BA,BA,BA,BA,BA,BA,AA,AA,XY,XY,2,2,prolific
p061,2,R,f,,,,,,,A,A,A,A,A,A,B,A,B,A,A,B,B,0,4,prolific
p062,3,R,a,,,,,,,XY,XY,XY,XY,BY,BY,BY,BY,BA,AA,AA,BB,BB,0,3,prolific
p062,2,R,f,,,,,,,X,X,X,X,X,X,X,X,B,A,A,B,B,0,4,prolific
p062,3,L,b,AB,AY,AY,AY,XY,XY,XY,XY,XY,,,,,,,AA,AA,BB,BB,0,2,prolific
p062,2,C,m,,,,A,A,A,A,A,A,X,X,X,,,,A,A,B,B,0,1,prolific
p063,2,R,m,,,,,,,X,X,B,B,B,B,B,B,B,A,A,B,B,0,2,prolific
p063,3,C,f,,,,AB,BY,BY,BY,BY,BA,BA,BA,BA,,,,AY,AA,BB,BB,0,4,prolific
p063,2,C,b,,,,A,A,A,A,X,X,X,X,X,,,,A,A,B,B,0,3,prolific
p063,3,L,a,AB,AB,AB,AB,AB,AB,AB,AB,AB,,,,,,,XY,AA,BA,BB,1,1,prolific
p064,2,C,b,,,,A,A,A,A,A,B,B,B,B,,,,A,A,B,B,0,2,prolific
p064,3,C,f,,,,AB,AB,AB,AB,AB,AB,AB,AY,AY,,,,AA,AA,BA,BA,0,3,prolific
p064,2,R,m,,,,,,,X,X,X,X,X,X,X,X,B,A,A,B,X,1,4,prolific
p064,3,L,a,AB,AB,AB,AY,AB,AB,AY,BA,AY,,,,,,,XY,AA,BB,BB,1,1,prolific
p065,3,R,f,,,,,,,AB,AB,BA,BA,BA,BA,BA,BA,BA,AY,AY,BB,BB,0,1,prolific
p065,2,L,b,A,A,X,X,X,X,X,X,X,,,,,,,A,A,B,B,0,4,prolific
p065,2,C,a,,,,B,B,B,B,B,B,B,B,B,,,,A,A,X,X,2,3,prolific
p065,3,L,m,AB,AB,AY,AY,AY,AY,AY,AY,AB,,,,,,,AA,AA,BY,BY,0,2,prolific
p066,3,C,m,,,,BY,BY,BY,BY,BY,BY,BY,BY,BY,,,,AA,AA,BA,BB,0,3,prolific
p066,2,L,a,A,A,A,A,A,A,A,A,A,,,,,,,A,A,B,B,0,2,prolific
p066,3,R,b,,,,,,,BA,BA,BA,BA,BA,BA,BA,BA,BA,AA,AA,BB,BB,0,4,prolific
p066,2,C,f,,,,A,A,A,A,A,A,A,A,A,,,,A,A,B,B,0,1,prolific
p067,2,R,a,,,,,,,B,B,B,B,B,B,B,B,B,A,A,B,B,0,2,prolific
p067,3,R,m,,,,,,,BA,BA,BA,BA,BA,BA,BA,BA,BA,AA,AB,BB,BB,0,4,prolific
p067,2,L,f,A,A,A,A,A,A,A,A,A,,,,,,,A,A,B,B,0,1,prolific
p067,3,C,b,,,,AB,AB,AB,AB,AB,AB,AB,AB,BA,,,,AA,AA,BB,BB,0,3,prolific
p068,3,L,f,AB,AB,AB,AB,AB,AB,AB,AB,AB,,,,,,,AA,AB,BB,BB,0,4,prolific
p068,2,R,b,,,,,,,X,X,X,X,B,B,B,B,B,A,A,B,B,0,3,prolific
p068,2,L,m,X,X,X,X,X,X,X,X,X,,,,,,,A,A,B,B,0,1,prolific
p068,3,C,a,,,,AY,AY,AY,AY,AY,BY,BY,BY,BY,,,,AA,AA,BA,BB,0,2,prolific
p069,3,R,a,,,,,,,XY,XY,XY,BA,BA,BA,BA,BA,BB,AA,AA,BB,BB,0,4,prolific
p069,2,R,f,,,,,,,X,X,X,X,X,B,B,B,B,A,A,B,B,0,3,prolific
p069,2,C,m,,,,X,X,X,X,X,X,X,X,X,,,,A,A,B,B,0,1,prolific
p069,3,L,b,AB,XY,AB,XY,XY,XY,XY,XY,XY,,,,,,,AA,AB,BB,BB,0,2,prolific
p070,2,L,m,A,A,A,A,A,A,A,A,A,,,,,,,A,A,B,B,0,3,prolific
p070,2,R,b,,,,,,,B,B,B,B,B,B,B,B,B,A,A,B,B,0,4,prolific
p070,3,L,f,AB,AB,AB,AB,AB,AB,AB,AB,AB,,,,,,,AB,AB,BB,BB,0,2,prolific
p070,3,C,a,,,,AB,AB,AB,AB,AB,AB,XY,XY,XY,,,,AA,AA,BB,BB,0,1,prolific
p071,3,C,f,,,,AA,BA,BB,AB,AB,AB,AB,AB,AB,,,,AA,AA,BB,BA,0,1,prolific
p071,2,C,b,,,,X,X,X,X,X,X,X,X,X,,,,A,A,B,B,0,3,prolific
p071,3,L,a,XY,AB,AB,AA,AA,XY,XY,AB,XY,,,,,,,AA,AB,AY,AY,2,4,prolific
p071,2,R,m,,,,,,,B,B,B,B,B,B,B,B,B,A,A,X,X,2,2,prolific
p072,2,C,a,,,,X,X,X,X,X,X,X,X,B,,,,A,A,B,B,0,3,prolific
p072,3,L,m,XY,XY,XY,XY,XY,XY,XY,XY,XY,,,,,,,AA,AA,BB,BY,0,4,prolific
p072,2,L,b,A,B,B,B,B,B,B,X,X,,,,,,,A,A,B,B,0,1,prolific
p072,3,R,f,,,,,,,XY,XY,XY,XY,XY,XY,XY,BA,BA,AA,AA,BB,BB,0,2,prolific
p073,2,C,m,,,,X,X,X,X,A,X,X,A,A,,,,B,A,A,A,3,2,prolific
p073,3,R,a,,,,,,,AA,BB,AA,AB,AA,AB,AB,BA,AB,AB,BA,AB,BA,2,1,prolific
p073,2,R,f,,,,,,,X,X,X,X,X,X,X,X,X,A,A,X,B,1,3,prolific
p073,3,L,b,AA,AB,AA,AB,AA,AB,AB,AB,BA,,,,,,,AB,AA,BB,XY,1,4,prolific
p074,2,L,m,A,A,X,X,X,X,X,X,B,,,,,,,A,X,B,B,1,4,prolific
p074,3,L,f,AY,AY,AY,AY,AY,AY,AY,AY,AY,,,,,,,AA,AA,AY,BB,1,3,prolific
p074,2,R,b,,,,,,,X,X,X,X,X,X,B,B,B,A,A,B,B,0,1,prolific
p074,3,C,a,,,,XY,XY,XY,XY,XY,XY,XY,XY,XY,,,,AA,AA,BB,BB,0,2,prolific
p075,3,C,m,,,,XY,BY,BY,BY,XY,BY,BY,BY,BY,,,,AY,AA,BB,BB,0,3,prolific
p075,2,C,f,,,,X,X,X,X,X,X,B,X,B,,,,A,A,B,X,1,4,prolific
p075,2,L,a,X,X,X,X,X,X,X,X,B,,,,,,,A,A,B,B,0,2,prolific
p075,3,R,b,,,,,,,BY,BY,BY,BY,BY,AY,AY,AY,XY,AY,AY,BY,AY,1,1,prolific
p076,2,C,b,,,,B,B,B,B,B,B,B,B,B,,,,A,A,B,B,0,4,prolific
p076,2,R,m,,,,,,,A,A,A,X,X,X,X,B,B,A,A,B,B,0,1,prolific
p076,3,L,a,AB,AB,AB,AB,BY,BY,BY,BY,BY,,,,,,,AA,AA,BB,XY,1,2,prolific
p076,3,C,f,,,,XY,XY,XY,XY,XY,XY,XY,XY,XY,,,,AA,AA,BA,BB,0,3,prolific
p077,3,L,m,XY,XY,XY,XY,XY,XY,XY,AY,AY,,,,,,,BY,AA,BB,BB,1,1,prolific
p077,2,C,a,,,,A,A,A,A,A,A,A,A,A,,,,A,A,B,X,1,4,prolific
p077,2,L,b,A,X,X,X,X,X,X,X,X,,,,,,,A,A,B,B,0,3,prolific
p077,3,R,f,,,,,,,XY,XY,XY,XY,XY,XY,BA,XY,XY,AA,AA,BY,BY,0,2,prolific
p078,3,C,b,,,,BY,BY,BY,BY,BY,BY,BY,BY,BA,,,,AB,AA,BB,BB,0,4,prolific
p078,2,R,a,,,,,,,X,X,X,X,X,X,B,B,B,A,A,B,B,0,3,prolific
p078,2,L,f,A,A,A,A,A,A,A,A,A,,,,,,,X,X,B,B,2,2,prolific
p078,3,R,m,,,,,,,AB,BY,BA,BY,BY,BA,BA,BA,BA,AY,AA,BB,BB,0,1,prolific
p079,3,R,a,,,,,,,AY,AY,AY,AY,AY,AY,BA,BA,BA,AA,AB,BB,BY,0,4,prolific
p079,2,R,f,,,,,,,A,X,X,X,X,X,B,X,B,A,A,B,B,0,1,prolific
p079,3,L,b,AB,AB,AB,BY,AY,AY,AY,AY,BA,,,,,,,AA,AA,BB,BB,0,3,prolific
p079,2,C,m,,,,X,X,X,X,X,X,X,X,X,,,,A,A,B,B,0,2,prolific
p080,2,C,a,,,,A,A,A,A,A,A,A,A,A,,,,A,A,B,B,0,4,prolific
p080,3,L,m,AB,AB,BA,AB,BA,BA,BA,BA,BA,,,,,,,AA,AA,BB,BB,0,1,prolific
p080,3,R,f,,,,,,,BY,BY,BY,BY,BA,BA,BY,BA,BA,AA,AA,BB,BB,0,2,prolific
p080,2,L,b,A,A,A,A,X,X,X,X,X,,,,,,,A,A,B,B,0,3,prolific
p081,3,C,a,,,,AY,AY,AY,AY,AY,BA,AY,BA,BA,,,,AA,AA,BB,XY,1,4,prolific
p081,2,R,b,,,,,,,X,X,X,X,X,X,X,X,B,A,A,B,B,0,1,prolific
p081,3,L,f,AB,AB,AB,AB,AB,AB,AB,AB,AB,,,,,,,AA,AA,AY,BB,1,3,prolific
p081,2,L,m,A,A,X,X,X,X,X,B,B,,,,,,,A,A,B,B,0,2,prolific
p082,2,R,m,,,,,,,X,X,X,X,X,X,X,X,X,A,A,B,B,0,2,prolific
p082,3,C,f,,,,AB,AB,AB,AB,AB,AB,AB,BA,BA,,,,AA,AA,BB,BY,0,4,prolific
p082,3,L,a,AB,AB,AB,AB,BY,BY,BY,BY,BY,,,,,,,AA,AA,BB,BB,0,3,prolific
p082,2,C,b,,,,A,A,A,A,A,B,B,B,B,,,,A,A,B,B,0,1,prolific
p083,2,R,a,,,,,,,X,X,X,X,X,X,X,X,X,A,A,B,B,0,4,prolific
p083,3,C,b,,,,AB,XY,XY,XY,XY,XY,XY,XY,XY,,,,AA,AA,BA,BB,0,1,prolific
p083,3,R,m,,,,,,,XY,XY,XY,XY,XY,XY,XY,XY,BA,AA,AA,BB,BB,0,3,prolific
p083,2,L,f,A,A,X,X,X,X,X,X,X,,,,,,,A,A,B,B,0,2,prolific
p084,2,R,m,,,,,,,B,A,A,B,A,B,B,A,A,A,A,A,B,1,2,prolific
p084,3,C,f,,,,AB,AB,AB,AB,AB,AB,AB,BA,BA,,,,AA,AA,BB,BB,0,4,prolific
p084,3,L,a,AB,AB,AB,AB,AB,AB,AB,AB,AB,,,,,,,AA,AA,BA,BA,0,3,prolific
p084,2,C,b,,,,B,B,B,B,B,X,X,X,X,,,,A,A,B,B,0,1,prolific
p085,2,L,a,X,X,B,X,B,A,A,A,B,,,,,,,X,A,A,X,3,1,prolific
p085,2,C,f,,,,B,B,B,B,B,B,B,B,B,,,,A,A,B,B,0,2,prolific
p085,3,C,m,,,,BA,XY,XY,XY,XY,XY,BA,BA,BA,,,,AB,AB,BB,BY,0,4,prolific
p085,3,R,b,,,,,,,XY,XY,XY,XY,XY,XY,XY,XY,XY,AY,AA,BY,BY,0,3,prolific
p086,3,C,a,,,,AA,AA,AB,AB,AB,AB,XY,XY,XY,,,,XY,AA,BB,BB,1,1,prolific
p086,2,L,m,A,A,A,A,A,B,B,B,B,,,,,,,A,A,B,B,0,4,prolific
p086,2,R,b,,,,,,,B,A,B,B,B,B,B,B,B,A,A,B,B,0,3,prolific
p086,3,L,f,AB,AB,AB,AB,AB,BY,BY,BY,BY,,,,,,,AA,AA,BB,BB,0,2,prolific
p087,2,C,a,,,,A,A,A,A,A,A,A,A,A,,,,A,A,B,B,0,3,prolific
p087,3,R,f,,,,,,,BY,BY,BY,BY,BY,BY,BY,BY,BA,AY,AB,BB,XY,1,4,prolific
p087,2,L,b,A,A,A,A,A,A,A,X,X,,,,,,,A,A,B,B,0,1,prolific
p087,3,L,m,AA,AB,AB,AB,XY,XY,XY,BY,BY,,,,,,,AA,AB,BB,BB,0,2,prolific
p088,2,R,a,,,,,,,A,A,A,X,X,X,X,B,B,A,A,B,B,0,1,prolific
p088,2,L,f,A,A,X,X,X,X,X,X,X,,,,,,,A,A,B,B,0,4,prolific
p088,3,C,b,,,,BA,BA,BA,BA,BA,BA,BA,BA,BA,,,,AA,AA,BB,BB,0,3,prolific
p088,3,R,m,,,,,,,BA,BA,BA,BA,BA,BA,BA,BA,BA,AA,AA,BB,BB,0,2,prolific
p089,3,R,a,,,,,,,BY,BY,BY,BY,BY,BA,BA,BA,BA,AA,AA,BB,AY,1,2,prolific
p089,3,L,b,AB,AY,AY,AY,AY,AY,AY,BY,BY,,,,,,,AA,AB,BB,BB,0,1,prolific
p089,2,C,m,,,,X,X,X,X,X,X,X,X,B,,,,A,A,B,B,0,3,prolific
p089,2,R,f,,,,,,,X,X,X,X,X,X,X,X,B,A,A,B,B,0,4,prolific
p090,2,C,f,,,,A,A,A,A,A,A,X,X,B,,,,A,A,B,B,0,1,prolific
p090,3,C,m,,,,BY,AY,BY,BY,BY,BY,BY,BA,BY,,,,AA,AA,BB,BB,0,2,prolific
p090,2,L,a,A,A,A,A,A,A,A,A,A,,,,,,,A,A,B,B,0,3,prolific
p090,3,R,b,,,,,,,BA,BA,BA,BA,BA,BA,BA,BA,BA,AB,AB,BB,BB,0,4,prolific
p091,3,C,f,,,,AY,AY,BY,BY,BY,BA,BB,BB,BA,,,,AA,AA,XY,XY,2,2,prolific
p091,2,C,b,,,,A,A,A,B,A,A,A,A,B,,,,A,A,B,B,0,3,prolific
p091,3,L,a,AY,AY,AY,AY,AY,AY,AY,AY,BY,,,,,,,XY,AA,BB,BB,1,1,prolific
p091,2,R,m,,,,,,,X,X,X,X,X,X,X,X,B,A,A,B,B,0,4,prolific
p092,3,C,a,,,,XY,XY,XY,XY,AY,XY,AY,AY,AY,,,,AA,AA,BA,BY,0,2,prolific
p092,2,L,m,B,A,B,B,B,B,B,B,B,,,,,,,A,A,B,B,0,4,prolific
p092,2,R,b,,,,,,,B,B,B,B,B,B,B,B,B,A,A,B,B,0,3,prolific
p092,3,L,f,AB,AB,AY,AY,AY,AY,AY,AY,AY,,,,,,,AA,AB,BB,BA,0,1,prolific
p093,2,L,b,A,A,A,A,A,A,A,A,A,,,,,,,A,A,B,B,0,3,prolific
p093,3,R,f,,,,,,,XY,XY,XY,XY,XY,XY,XY,XY,BA,AY,AA,BB,BB,0,4,prolific
p093,2,C,a,,,,X,X,X,X,X,X,X,X,X,,,,A,A,B,B,0,2,prolific
p093,3,L,m,XY,AB,AB,XY,XY,XY,XY,AB,AY,,,,,,,XY,AA,BA,BB,1,1,prolific
p094,2,R,a,,,,,,,A,B,A,A,B,A,A,B,B,B,A,A,B,2,1,prolific
p094,3,C,b,,,,BA,BA,BA,BA,BA,BA,BA,BA,BA,,,,AA,AA,BB,BY,0,4,prolific
p094,2,L,f,B,A,A,A,A,A,A,A,A,,,,,,,A,A,B,B,0,3,prolific
p094,3,R,m,,,,,,,BA,BA,BA,BA,BA,BA,BA,BA,BA,AA,AA,BB,BB,0,2,prolific
p095,2,C,m,,,,A,A,A,A,A,A,A,B,B,,,,A,A,B,B,0,3,prolific
p095,2,R,f,,,,,,,X,X,X,X,X,X,B,B,B,A,A,B,B,0,4,prolific
p095,3,L,b,AB,BY,BY,BY,BY,BY,BY,BY,BY,,,,,,,AA,AA,BB,BB,0,2,prolific
p095,3,R,a,,,,,,,AB,AB,XY,XY,XY,XY,BA,BA,BA,AA,AA,BB,BB,0,1,prolific
p096,2,L,m,A,A,X,X,X,X,X,X,X,,,,,,,A,A,B,B,0,2,prolific
p096,3,C,a,,,,AB,XY,XY,XY,XY,XY,XY,XY,BA,,,,AA,AA,BB,BB,0,3,prolific
p096,2,R,b,,,,,,,A,A,X,X,X,X,X,X,B,A,A,B,B,0,1,prolific
p096,3,L,f,AB,AB,XY,XY,XY,XY,XY,XY,XY,,,,,,,AA,AA,BB,BB,0,4,prolific
p097,3,R,b,,,,,,,BA,BA,BA,BA,BA,BA,BA,BA,BA,AA,AA,BB,BB,0,4,prolific
p097,2,C,f,,,,A,A,A,A,A,A,A,A,A,,,,A,A,B,B,0,3,prolific
p097,3,C,m,,,,AB,AB,AB,AB,AB,AB,AB,XY,XY,,,,AA,AA,BB,BB,0,1,prolific
p097,2,L,a,A,A,A,A,X,X,B,B,B,,,,,,,A,A,B,X,1,2,prolific
p098,2,C,b,,,,A,B,B,B,B,B,B,B,B,,,,A,A,B,B,0,2,prolific
p098,2,R,m,,,,,,,B,B,B,B,B,B,B,B,B,A,A,B,B,0,3,prolific
p098,3,L,a,AB,AB,BY,BY,BY,BY,BY,BY,BY,,,,,,,AY,AA,BB,BB,0,4,prolific
p098,3,C,f,,,,AY,AY,AY,XY,XY,XY,XY,XY,XY,,,,AA,AA,BB,BB,0,1,prolific
p099,3,C,b,,,,XY,XY,XY,XY,XY,XY,XY,XY,XY,,,,AA,AA,BB,BB,0,4,prolific
p099,3,R,m,,,,,,,AB,AB,AB,XY,XY,XY,XY,BY,BY,AA,AA,BB,BB,0,1,prolific
p099,2,R,a,,,,,,,X,X,B,B,B,B,B,B,B,A,A,B,B,0,2,prolific
p099,2,L,f,A,A,A,X,X,X,X,X,X,,,,,,,A,A,B,B,0,3,prolific
p100,3,L,a,AB,AA,AB,AB,AB,AB,AB,AY,AY,,,,,,,AA,AA,BB,BY,0,4,prolific
p100,2,R,m,,,,,,,A,A,X,X,A,X,X,B,B,A,A,A,B,1,1,prolific
p100,3,C,f,,,,AB,AB,AB,AB,AB,AB,AB,AB,AB,,,,AA,AA,AB,AB,2,3,prolific
p100,2,C,b,,,,A,B,B,B,B,A,A,B,B,,,,A,A,B,B,0,2,prolific
p101,3,C,a,,,,AY,AY,AB,AY,AY,BY,BY,BY,BY,,,,AA,AB,BB,BB,0,1,prolific
p101,2,L,m,A,X,X,X,X,X,X,B,B,,,,,,,A,A,B,B,0,2,prolific
p101,2,R,b,,,,,,,B,B,B,B,B,B,B,B,B,A,A,B,B,0,4,prolific
p101,3,L,f,AB,AB,AB,AB,AB,AB,AB,AB,AB,,,,,,,AA,AA,BB,BB,0,3,prolific
p102,3,C,m,,,,XY,XY,XY,XY,XY,XY,XY,BA,BA,,,,AA,AA,BB,BB,0,2,prolific
p102,3,R,b,,,,,,,BY,BY,BY,BY,BA,BA,BA,BA,BA,AY,AY,BB,BB,0,4,prolific
p102,2,L,a,A,A,A,A,A,A,A,A,A,,,,,,,A,A,B,B,0,3,prolific
p102,2,C,f,,,,A,A,A,A,A,X,X,X,X,,,,A,A,B,B,0,1,prolific
p103,3,L,m,AB,AB,AY,AY,AY,AY,AY,AY,AY,,,,,,,AA,AA,BB,BB,0,1,prolific
p103,2,C,a,,,,X,X,X,X,X,X,X,X,X,,,,A,A,B,B,0,2,prolific
p103,3,R,f,,,,,,,AY,AY,BY,BY,BY,BY,BY,BY,BA,AA,AA,BB,BB,0,4,prolific
p103,2,L,b,A,A,X,X,X,X,X,X,X,,,,,,,A,A,B,B,0,3,prolific
p104,3,R,m,,,,,,,BY,BY,BY,BY,BY,BY,BY,BY,BY,AA,AA,BA,BA,0,3,prolific
p104,2,R,a,,,,,,,X,X,X,X,X,X,B,B,B,A,A,B,B,0,1,prolific
p104,2,L,f,A,A,A,A,A,A,A,A,A,,,,,,,A,A,B,X,1,4,prolific
p104,3,C,b,,,,XY,XY,XY,XY,XY,BA,BA,BA,BA,,,,AA,AB,BB,BB,0,2,prolific
p105,2,R,f,,,,,,,X,X,X,X,X,X,X,X,X,A,A,B,B,0,3,prolific
p105,3,L,b,XY,XY,XY,XY,XY,XY,XY,XY,XY,,,,,,,AY,AY,BY,BY,0,4,prolific
p105,2,C,m,,,,X,X,X,X,X,X,X,X,X,,,,A,A,B,B,0,1,prolific
p105,3,R,a,,,,,,,XY,XY,XY,XY,XY,XY,BA,BA,BA,AA,AA,BB,BB,0,2,prolific
p106,3,C,m,,,,AB,BA,BA,BA,BA,BA,BA,BA,BA,,,,AB,BA,BB,BY,1,4,prolific
p106,2,L,a,A,A,A,A,A,A,A,A,A,,,,,,,X,X,B,B,2,1,prolific
p106,3,R,b,,,,,,,BY,BY,BY,BY,BA,BA,BA,BA,BA,AA,AA,BB,BB,0,2,prolific
p106,2,C,f,,,,X,X,X,X,X,X,X,X,X,,,,A,A,B,B,0,3,prolific
p107,3,L,f,AB,AB,AY,AY,AY,AY,AY,BY,BY,,,,,,,AA,AA,BB,BB,0,2,prolific
p107,3,C,a,,,,AY,AY,AY,AY,AY,AY,XY,XY,BY,,,,AA,AA,BB,BB,0,1,prolific
p107,2,R,b,,,,,,,X,X,B,B,B,B,B,B,B,A,A,B,B,0,3,prolific
p107,2,L,m,A,A,A,A,A,A,A,B,B,,,,,,,A,A,B,B,0,4,prolific
p108,2,L,f,A,A,A,A,A,A,A,A,A,,,,,,,X,X,X,X,4,3,prolific
p108,3,C,b,,,,XY,XY,XY,XY,BA,BA,BA,BB,BA,,,,AA,AA,BB,BB,0,2,prolific
p108,2,R,a,,,,,,,B,B,B,B,B,B,B,B,B,A,A,X,X,2,4,prolific
p108,3,R,m,,,,,,,AY,AY,AY,XY,XY,XY,BA,BA,BA,BY,AA,BB,BB,1,1,prolific
p109,2,C,b,,,,A,B,B,B,B,B,B,B,B,,,,A,A,B,B,0,4,prolific
p109,2,R,m,,,,,,,A,A,X,X,X,X,X,B,B,A,A,B,B,0,1,prolific
p109,3,C,f,,,,XY,XY,XY,XY,XY,XY,XY,XY,XY,,,,AA,AB,BY,BY,0,2,prolific
p109,3,L,a,AB,AB,AB,AB,AB,AB,AB,AB,AB,,,,,,,AA,AA,BB,BB,0,3,prolific
p110,2,C,a,,,,A,A,A,A,A,A,A,B,B,,,,A,A,B,B,0,3,prolific
p110,3,R,f,,,,,,,AY,AA,AA,AA,BA,BA,BA,BA,BA,AA,AY,BB,BB,0,2,prolific
p110,3,L,m,AB,BA,BA,BA,BA,BA,BA,BA,BA,,,,,,,AB,AB,BB,BB,0,4,prolific
p110,2,L,b,A,B,B,B,B,B,B,B,B,,,,,,,A,A,B,B,0,1,prolific
p111,2,C,b,,,,X,X,X,X,B,B,B,B,B,,,,A,A,B,B,0,3,prolific
p111,2,R,m,,,,,,,B,B,B,B,B,B,B,B,B,A,A,B,B,0,4,prolific
p111,3,C,f,,,,XY,XY,XY,XY,XY,XY,XY,XY,BA,,,,AA,AA,BB,BB,0,2,prolific
p111,3,L,a,AB,AB,AB,AB,AB,XY,XY,XY,XY,,,,,,,AA,AA,BB,BB,0,1,prolific
p112,2,C,m,,,,A,A,A,A,A,A,A,A,A,,,,A,A,B,B,0,3,prolific
p112,2,R,f,,,,,,,A,A,A,A,A,A,A,A,B,A,A,B,B,0,4,prolific
p112,3,L,b,AB,AB,AB,AB,AB,AB,AB,AB,AB,,,,,,,AA,AA,BB,BB,0,1,prolific
p112,3,R,a,,,,,,,BA,BA,BA,BA,BA,BA,BA,BA,BA,AA,AA,BB,BB,0,2,prolific
p113,3,C,a,,,,XY,XY,BA,XY,BY,BA,BA,BA,BA,,,,AA,AA,BB,BB,0,2,prolific
p113,2,L,m,A,A,A,A,A,A,A,A,A,,,,,,,A,A,B,B,0,1,prolific
p113,3,L,f,AB,AB,BY,BY,BY,BY,BY,BY,BY,,,,,,,AY,AY,BB,XY,1,4,prolific
p113,2,R,b,,,,,,,X,X,X,X,B,B,B,B,B,A,A,B,B,0,3,prolific
p114,2,C,a,,,,X,X,X,X,X,X,X,X,X,,,,A,A,B,B,0,1,prolific
p114,2,L,b,X,X,X,X,X,X,X,X,B,,,,,,,A,A,B,B,0,2,prolific
p114,3,R,f,,,,,,,BY,BY,BY,BY,BY,BY,BA,BA,BA,AY,AY,BB,BB,0,3,prolific
p114,3,L,m,AY,AY,AY,AY,AY,AY,AY,BA,BA,,,,,,,AA,AB,BB,BY,0,4,prolific
p115,2,R,a,,,,,,,B,B,B,B,B,B,B,B,B,A,A,B,B,0,4,prolific
p115,3,C,b,,,,AB,AB,AB,AB,BA,BA,BA,BA,BA,,,,XY,AA,BB,BB,1,1,prolific
p115,2,L,f,A,A,A,A,A,A,A,A,A,,,,,,,A,A,B,B,0,2,prolific
p115,3,R,m,,,,,,,BA,BA,BA,BA,BA,BA,BA,BA,BA,AA,AA,BB,BB,0,3,prolific
p116,3,L,b,BA,AA,BA,BB,AA,AA,AA,AB,BA,,,,,,,AB,AB,AB,BB,1,4,prolific
p116,3,R,a,,,,,,,BA,BA,BA,BA,BA,BA,BA,BA,BA,AA,AA,BB,BB,0,2,prolific
p116,2,R,f,,,,,,,A,A,A,B,B,B,B,B,B,A,A,B,B,0,3,prolific
p116,2,C,m,,,,A,A,A,B,B,A,A,B,B,,,,A,A,B,A,1,1,prolific
p117,2,R,m,,,,,,,B,B,B,B,B,B,B,B,B,A,A,B,B,0,2,prolific
p117,3,C,f,,,,XY,XY,XY,XY,XY,XY,XY,XY,BA,,,,AA,AA,BB,BY,0,4,prolific
p117,2,C,b,,,,A,A,A,A,A,A,X,X,X,,,,A,A,B,B,0,1,prolific
p117,3,L,a,AB,AB,XY,XY,XY,XY,BY,BY,BY,,,,,,,AA,AA,BB,BB,0,3,prolific
p118,2,L,m,A,A,A,A,A,A,A,A,A,,,,,,,A,A,B,B,0,2,prolific
p118,2,R,b,,,,,,,A,A,A,B,B,B,B,B,B,A,A,B,B,0,3,prolific
p118,3,C,a,,,,BA,BA,BA,BA,BA,BA,BA,BA,BA,,,,AA,AA,BB,BB,0,4,prolific
p118,3,L,f,AB,AB,AB,AB,AB,AB,AB,AB,XY,,,,,,,AA,AA,BB,BB,0,1,prolific
p119,2,L,b,X,X,X,X,X,X,X,X,B,,,,,,,A,A,B,B,0,4,prolific
p119,3,R,f,,,,,,,BY,BY,BY,BY,BY,BA,BA,BA,BA,AA,AY,BB,BB,0,3,prolific
p119,3,L,m,AB,AY,AY,AY,AY,AY,AY,AY,AY,,,,,,,XY,AA,BB,BB,1,1,prolific
p119,2,C,a,,,,X,X,X,X,B,B,B,B,B,,,,A,A,B,B,0,2,prolific
p120,2,L,f,A,A,X,A,X,X,X,X,X,,,,,,,A,A,B,B,0,2,prolific
p120,2,R,a,,,,,,,X,X,X,X,X,X,X,X,B,A,A,B,B,0,3,prolific
p120,3,C,b,,,,AY,AB,AY,AY,AY,AY,AY,XY,XY,,,,AA,AA,BB,BB,0,1,prolific
p120,3,R,m,,,,,,,BY,BY,BY,BY,BY,BA,BA,BA,BA,AA,AA,BB,BB,0,4,prolific
p121,2,L,m,A,A,A,A,A,A,A,A,A,,,,,,,A,A,B,B,0,1,prolific
p121,2,R,b,,,,,,,B,B,B,B,B,B,B,B,B,A,A,B,B,0,3,prolific
p121,3,L,f,AB,AB,AB,AB,AB,AB,AB,AB,AB,,,,,,,AA,AA,BB,BB,0,4,prolific
p121,3,C,a,,,,AB,AB,BA,BA,BA,BA,BA,BA,BA,,,,AA,AA,BB,BB,0,2,prolific
p122,2,R,f,,,,,,,X,X,X,X,X,X,X,X,B,X,A,B,B,1,2,prolific
p122,2,C,m,,,,A,B,B,B,A,B,B,B,B,,,,A,A,B,B,0,4,prolific
p122,3,L,b,AB,AB,AB,AB,BY,BY,BY,BY,BY,,,,,,,AA,AA,BA,BB,0,3,prolific
p122,3,R,a,,,,,,,AB,XY,XY,XY,XY,XY,XY,XY,BA,AA,AA,BB,BB,0,1,prolific
p123,2,C,a,,,,X,X,X,X,X,X,X,X,X,,,,A,A,B,B,0,4,prolific
p123,3,L,m,AB,AB,AY,AY,AY,AY,AY,AY,AY,,,,,,,AA,AA,BB,BB,0,1,prolific
p123,3,R,f,,,,,,,AY,AY,AY,AY,AY,AY,AY,AY,AY,AA,AA,BB,BB,0,3,prolific
p123,2,L,b,A,B,A,X,X,X,B,B,B,,,,,,,A,A,B,B,0,2,prolific
p124,2,L,f,A,A,A,A,A,A,A,A,A,,,,,,,A,A,B,B,0,1,prolific
p124,3,R,m,,,,,,,AB,AB,AB,AB,AB,AB,AB,AB,AB,AA,AA,AB,AB,2,3,prolific
p124,2,R,a,,,,,,,B,B,B,B,B,B,B,B,B,A,A,B,B,0,4,prolific
p124,3,C,b,,,,AY,AY,BY,BY,BA,BA,BA,BA,BA,,,,AA,AA,BB,BB,0,2,prolific
p125,2,R,f,,,,,,,X,X,X,B,B,B,B,B,B,A,A,B,B,0,2,prolific
p125,2,C,m,,,,A,A,A,A,A,A,A,X,B,,,,A,A,B,B,0,1,prolific
p125,3,L,b,AA,AA,AB,AB,AB,AB,AB,AB,AB,,,,,,,AA,AA,BB,BB,0,3,prolific
p125,3,R,a,,,,,,,BY,BY,BY,BY,BY,BA,BA,BA,BA,AB,AA,BB,BB,0,4,prolific
p126,2,R,b,,,,,,,B,A,B,B,B,B,B,B,B,A,A,B,B,0,4,prolific
p126,3,L,f,AB,AB,AB,AB,AB,AB,AB,AB,AB,,,,,,,AA,AA,BB,BB,0,3,prolific
p126,3,C,a,,,,AB,AB,AB,AB,AB,BY,BY,BY,BY,,,,XY,AA,BB,BB,1,1,prolific
p126,2,L,m,X,X,X,X,X,X,X,X,X,,,,,,,A,A,B,B,0,2,prolific
p127,3,C,m,,,,AY,AY,BY,BY,BY,BY,BY,BY,BA,,,,AA,AA,BB,XY,1,4,prolific
p127,2,C,f,,,,X,X,X,X,X,B,B,B,B,,,,A,A,B,B,0,2,prolific
p127,3,R,b,,,,,,,BY,BY,BA,BA,BA,BA,BA,BA,BA,AY,AA,BB,BB,0,1,prolific
p127,2,L,a,A,A,A,A,A,X,X,X,X,,,,,,,A,A,B,B,0,3,prolific
p128,3,R,f,,,,,,,AY,AY,AY,AY,AY,AY,AY,AY,AY,AA,AA,BB,BY,0,3,prolific
p128,2,C,a,,,,X,X,X,X,X,X,X,X,X,,,,A,A,B,B,0,4,prolific
p128,2,L,b,A,A,A,X,X,B,B,B,B,,,,,,,A,A,B,B,0,2,prolific
p128,3,L,m,AY,AY,AY,AY,AY,AY,AY,AY,AY,,,,,,,AA,AA,BB,BB,0,1,prolific
p129,2,R,f,,,,,,,X,X,X,X,X,X,X,X,B,A,A,B,B,0,2,prolific
p129,3,L,b,AB,AB,BA,BA,BA,BA,BA,BA,BA,,,,,,,AA,AA,BB,BB,0,4,prolific
p129,3,R,a,,,,,,,XY,XY,XY,XY,XY,XY,BA,BA,BA,AA,AB,BB,BB,0,3,prolific
p129,2,C,m,,,,A,A,A,X,X,X,X,X,X,,,,A,A,B,B,0,1,prolific
p130,2,R,a,,,,,,,X,X,X,X,X,B,B,B,B,A,A,B,B,0,4,prolific
p130,3,C,b,,,,AB,AB,AB,AB,XY,XY,XY,XY,XY,,,,AA,AA,BB,BB,0,1,prolific
p130,3,R,m,,,,,,,BY,BY,BY,BY,BA,BA,BA,BA,BA,AA,AA,BB,BB,0,3,prolific
p130,2,L,f,A,A,A,A,A,A,A,B,B,,,,,,,A,A,X,X,2,2,prolific
p131,3,L,a,AB,AY,AY,AY,AY,XY,XY,XY,XY,,,,,,,AA,AA,BB,BY,0,4,prolific
p131,2,R,m,,,,,,,X,X,X,X,X,X,X,X,X,A,A,B,B,0,1,prolific
p131,3,C,f,,,,AY,AY,AY,BY,BY,BY,BY,BA,BA,,,,AA,AA,BB,XY,1,2,prolific
p131,2,C,b,,,,X,X,X,X,X,X,X,X,X,,,,A,A,B,B,0,3,prolific
p132,2,L,a,A,A,A,A,A,A,A,A,A,,,,,,,A,A,B,B,0,4,prolific
p132,3,C,m,,,,AB,AY,AY,AY,AY,AY,XY,XY,XY,,,,AA,AA,BB,BB,0,1,prolific
p132,3,R,b,,,,,,,BY,BY,BY,BY,BY,BY,BY,BY,BA,AA,AA,BB,BB,0,3,prolific
p132,2,C,f,,,,X,X,X,X,X,X,X,X,B,,,,A,A,B,B,0,2,prolific
p133,2,R,b,,,,,,,B,B,B,B,B,B,B,B,B,A,A,B,B,0,2,prolific
p133,3,L,f,AB,AB,AB,AB,AB,AB,AB,AB,BA,,,,,,,AA,AA,BB,BB,0,4,prolific
p133,3,C,a,,,,AY,AY,AY,AY,AY,BY,BY,BY,BY,,,,AA,AA,BB,BB,0,3,prolific
p133,2,L,m,A,A,A,A,A,A,X,X,X,,,,,,,A,A,B,B,0,1,prolific
p134,2,R,a,,,,,,,A,A,A,A,X,B,B,B,B,A,A,B,B,0,1,prolific
p134,2,L,f,A,A,A,A,A,A,B,B,B,,,,,,,A,A,B,B,0,4,prolific
p134,3,C,b,,,,BA,BA,BA,BA,BA,BA,BA,BA,BA,,,,AA,AA,BB,BB,0,3,prolific
p134,3,R,m,,,,,,,BA,BA,BA,BA,BA,BA,BA,BA,BA,AA,AA,BB,BB,0,2,prolific
p135,2,C,a,,,,A,A,A,B,B,B,B,B,B,,,,A,A,B,X,1,4,prolific
p135,3,L,m,AB,AB,AB,AY,AY,AY,AY,XY,XY,,,,,,,AA,AA,BB,BB,0,1,prolific
p135,3,R,f,,,,,,,XY,XY,BY,BY,BY,BA,BA,BA,BA,AA,AA,BB,BB,0,2,prolific
p135,2,L,b,A,X,X,X,X,X,X,X,X,,,,,,,A,A,B,B,0,3,prolific
p136,3,R,a,,,,,,,XY,XY,XY,XY,XY,XY,XY,XY,BA,AA,AA,BB,BB,0,4,prolific
p136,2,R,f,,,,,,,X,X,X,X,X,X,X,B,B,A,A,B,B,0,1,prolific
p136,3,L,b,AB,AB,XY,XY,XY,XY,XY,XY,XY,,,,,,,AA,AA,BB,BB,0,3,prolific
p136,2,C,m,,,,X,X,X,X,X,X,X,B,B,,,,A,A,B,B,0,2,prolific
p137,2,R,m,,,,,,,B,B,B,B,B,B,B,B,B,A,A,B,B,0,2,prolific
p137,3,C,f,,,,AB,AB,AB,AB,AB,AB,AB,AB,AB,,,,AA,AA,BB,BB,0,4,prolific
p137,3,L,a,AB,AB,AB,AY,AY,AY,AY,AY,AY,,,,,,,AA,AA,BB,BB,0,3,prolific
p137,2,C,b,,,,A,A,A,A,A,X,X,X,X,,,,A,A,B,B,0,1,prolific
p138,2,L,a,A,A,A,A,A,A,A,A,A,,,,,,,A,A,B,B,0,1,prolific
p138,2,C,f,,,,A,X,B,B,B,B,B,B,B,,,,A,A,B,B,0,2,prolific
p138,3,C,m,,,,AB,BA,BA,AB,AB,BA,BA,BA,BA,,,,AA,AA,BB,BB,0,4,prolific
p138,3,R,b,,,,,,,BA,BA,BA,BA,BA,BA,BA,BA,BA,AA,AA,BB,BB,0,3,prolific
p139,3,C,a,,,,BA,BA,BA,BA,BA,BA,BA,BA,BA,,,,AA,AB,BB,BB,0,1,prolific
p139,2,L,m,A,A,A,A,A,A,A,A,A,,,,,,,A,A,B,X,1,4,prolific
p139,2,R,b,,,,,,,B,B,B,B,B,B,B,B,B,A,A,B,B,0,3,prolific
p139,3,L,f,AB,AB,AB,AB,AB,AB,AB,AB,AB,,,,,,,AA,AA,BB,BB,0,2,prolific
p140,3,C,f,,,,BY,BY,BY,AY,AY,AY,AY,AY,BA,,,,AA,AA,BB,XY,1,2,prolific
p140,2,R,m,,,,,,,B,B,B,X,X,X,X,B,B,B,A,B,A,2,1,prolific
p140,3,L,a,AB,AA,AB,XY,XY,XY,XY,XY,XY,,,,,,,AA,AA,BB,BY,0,4,prolific
p140,2,C,b,,,,X,X,X,X,X,X,X,X,X,,,,A,A,B,B,0,3,prolific
p141,3,L,b,AB,AB,XY,XY,XY,XY,XY,XY,XY,,,,,,,AA,AA,BB,BB,0,1,prolific
p141,2,R,f,,,,,,,X,X,B,B,B,B,B,B,B,A,A,B,B,0,2,prolific
p141,3,R,a,,,,,,,BY,BY,BY,BA,BA,BA,BA,BA,BA,AA,AA,BB,BB,0,3,prolific
p141,2,C,m,,,,X,X,X,X,X,X,X,X,X,,,,A,A,B,B,0,4,prolific
p142,2,L,a,A,A,A,A,A,B,B,B,B,,,,,,,A,A,B,B,0,2,prolific
p142,3,C,m,,,,AB,AB,AB,AB,AB,AB,AB,AB,BA,,,,AA,AA,BB,BB,0,1,prolific
p142,2,C,f,,,,A,A,A,A,A,X,B,B,B,,,,A,A,B,B,0,3,prolific
p142,3,R,b,,,,,,,BA,BA,BA,BA,BA,BA,BA,BA,BA,AA,AA,BB,BB,0,4,prolific
p143,2,L,m,A,A,A,A,A,A,A,A,A,,,,,,,A,A,B,B,0,3,prolific
p143,2,R,b,,,,,,,B,B,B,B,B,B,B,B,B,A,A,B,B,0,4,prolific
p143,3,L,f,AB,AB,XY,AB,XY,XY,XY,XY,XY,,,,,,,AA,AA,BB,BB,0,2,prolific
p143,3,C,a,,,,AB,AB,AB,AB,AB,AB,AB,BA,BA,,,,AA,AA,BB,BB,0,1,prolific
p144,2,L,b,A,A,A,X,X,X,X,X,X,,,,,,,A,A,B,B,0,2,prolific
p144,3,L,m,AY,AY,AY,AY,AY,AY,AY,AY,AY,,,,,,,AA,AA,BB,BB,0,3,prolific
p144,2,C,a,,,,A,A,A,A,A,A,A,A,A,,,,A,A,B,B,0,4,prolific
p144,3,R,f,,,,,,,AY,AY,AY,AY,XY,BY,BY,BY,BY,AA,AA,BB,BB,0,1,prolific
p145,3,R,a,,,,,,,AB,AB,AB,AB,AB,AB,AB,BA,BA,AA,AA,BB,BB,0,1,prolific
p145,3,L,b,AB,XY,XY,XY,XY,XY,XY,XY,XY,,,,,,,BY,BY,BB,AY,3,4,prolific
p145,2,C,m,,,,X,X,X,X,X,X,X,B,X,,,,A,A,B,B,0,2,prolific
p145,2,R,f,,,,,,,X,X,X,X,X,X,B,X,B,A,A,B,B,0,3,prolific
p146,2,R,m,,,,,,,X,X,X,X,X,X,X,X,X,A,A,B,B,0,3,prolific
p146,3,C,f,,,,AB,AB,AB,AB,AB,XY,XY,XY,XY,,,,AA,AA,BB,BB,0,1,prolific
p146,3,L,a,XY,XY,XY,XY,XY,XY,XY,XY,XY,,,,,,,AY,AA,BA,BY,0,4,prolific
p146,2,C,b,,,,X,X,X,X,X,B,B,B,B,,,,A,A,B,B,0,2,prolific
p147,3,R,b,,,,,,,XY,XY,XY,XY,BY,BY,BY,BY,BY,AY,AA,BY,BB,0,3,prolific
p147,2,C,f,,,,A,A,X,X,X,X,X,X,X,,,,A,A,B,B,0,1,prolific
p147,2,L,a,X,A,X,X,X,X,X,X,X,,,,,,,A,A,B,B,0,4,prolific
p147,3,C,m,,,,BY,BY,BY,AY,AY,AY,AY,AY,AY,,,,AA,AB,XY,XY,2,2,prolific
p148,2,L,m,A,A,A,A,A,A,A,A,A,,,,,,,A,A,B,B,0,2,prolific
p148,3,L,f,AB,AB,AB,AB,AB,AB,AB,AB,AB,,,,,,,AA,AA,BB,BB,0,1,prolific
p148,3,C,a,,,,AB,AB,AB,AB,AB,AB,BA,AB,BA,,,,AA,AA,BA,BA,0,3,prolific
p148,2,R,b,,,,,,,B,B,B,B,B,B,B,B,B,A,A,B,X,1,4,prolific
p149,2,L,b,A,A,X,X,X,X,X,X,X,,,,,,,A,A,B,B,0,2,prolific
p149,3,L,m,AB,AB,AB,AB,AB,AB,AB,AB,XY,,,,,,,AA,AA,BB,BB,0,4,prolific
p149,2,C,a,,,,A,A,A,A,A,X,X,X,X,,,,A,A,B,B,0,1,prolific
p149,3,R,f,,,,,,,AY,AY,AY,AY,AY,BA,BA,BA,AY,AA,AA,BB,BB,0,3,prolific
p150,3,L,b,AB,AB,AB,AY,AY,XY,XY,BY,BY,,,,,,,AA,AA,BB,BB,0,2,prolific
p150,2,C,m,,,,A,A,A,A,A,A,B,B,B,,,,A,A,B,B,0,3,prolific
p150,3,R,a,,,,,,,AY,AY,AY,AY,XY,BY,BY,BY,BA,AA,AA,BB,BB,0,1,prolific
p150,2,R,f,,,,,,,X,X,X,X,X,X,B,B,B,A,A,B,B,0,4,prolific
p151,2,C,b,,,,A,A,A,A,A,X,X,X,B,,,,X,A,B,B,1,1,prolific
p151,3,C,f,,,,AY,AY,BY,BY,BY,BA,BA,BA,BA,,,,AA,AA,BB,BB,0,2,prolific
p151,3,L,a,AA,AB,AB,AB,AB,AB,AB,AB,AB,,,,,,,AA,AA,BA,BB,0,3,prolific
p151,2,R,m,,,,,,,B,B,B,B,B,B,B,B,B,A,A,B,B,0,4,prolific
p152,3,C,a,,,,AB,AB,AB,BB,AB,AB,BB,BB,BB,,,,AA,AA,BB,BA,0,2,prolific
p152,2,R,b,,,,,,,B,B,B,B,B,B,B,B,B,A,A,B,B,0,1,prolific
p152,2,L,m,X,X,X,X,X,X,X,X,X,,,,,,,A,A,B,B,0,3,prolific
p152,3,L,f,AY,AB,AY,AY,AY,AY,AY,AY,BA,,,,,,,AA,AB,BB,BY,0,4,prolific
p153,2,R,a,,,,,,,A,B,B,B,B,B,B,B,B,A,A,B,B,0,2,prolific
p153,3,R,m,,,,,,,BA,BA,BA,BA,BA,BA,BA,BA,BA,AA,AB,BB,BB,0,1,prolific
p153,2,L,f,A,A,A,A,A,A,A,A,A,,,,,,,A,A,B,B,0,3,prolific
p153,3,C,b,,,,BA,BA,BA,BA,BA,BA,BA,BA,BA,,,,AB,AB,BB,BB,0,4,prolific
p154,2,L,b,A,A,A,A,A,A,A,A,A,,,,,,,A,A,B,B,0,3,prolific
p154,3,L,m,AY,AY,AY,AY,AY,AY,AY,AY,AY,,,,,,,AA,AY,BB,BY,0,4,prolific
p154,3,R,f,,,,,,,XY,XY,XY,XY,XY,XY,BA,AY,BA,AA,AA,BB,BY,0,2,prolific
p154,2,C,a,,,,A,A,A,A,A,X,X,X,X,,,,A,A,B,B,0,1,prolific
p155,2,L,f,A,A,A,A,A,A,A,A,B,,,,,,,A,A,B,B,0,2,prolific
p155,3,C,b,,,,AB,AB,AB,AB,AB,BA,BA,BA,BA,,,,AA,AA,BB,BB,0,3,prolific
p155,2,R,a,,,,,,,X,X,X,X,X,X,X,B,B,A,A,B,B,0,4,prolific
p155,3,R,m,,,,,,,XY,XY,XY,AB,BA,BA,BA,BA,BA,AA,AA,BB,BB,0,1,prolific
p156,3,L,b,AB,AB,XY,XY,XY,XY,XY,XY,XY,,,,,,,AA,AA,BB,BY,0,4,prolific
p156,2,C,m,,,,X,X,X,X,X,X,X,X,X,,,,A,A,B,B,0,3,prolific
p156,2,R,f,,,,,,,A,A,X,X,X,B,B,B,B,A,A,B,B,0,1,prolific
p156,3,R,a,,,,,,,BY,BY,BY,BY,BA,BA,BA,BA,BA,AA,AA,BB,BB,0,2,prolific
p157,2,C,b,,,,A,B,B,B,B,B,B,B,B,,,,A,A,X,B,1,2,prolific
p157,3,L,a,AB,AB,AB,AY,AY,AY,AY,AY,AY,,,,,,,AA,AA,BB,BB,0,3,prolific
p157,2,R,m,,,,,,,X,X,X,X,X,X,X,X,B,X,A,B,B,1,1,prolific
p157,3,C,f,,,,XY,XY,XY,XY,XY,XY,BA,BA,BA,,,,AA,AB,BB,BY,0,4,prolific
p158,2,L,f,A,B,B,A,B,A,B,A,A,,,,,,,B,A,A,A,3,1,prolific
p158,3,C,b,,,,BB,BA,BA,BB,BA,BA,BA,BB,BA,,,,AB,AB,BA,BA,0,2,prolific
p158,3,R,m,,,,,,,XY,XY,BA,BA,BA,XY,BA,BA,XY,AB,AB,BB,XY,1,4,prolific
p158,2,R,a,,,,,,,A,A,X,X,X,X,B,X,B,A,A,B,B,0,3,prolific
r001,3,C,m,,,,BA,BA,BA,BA,BA,BA,BA,BA,BA,,,,AA,AA,BB,BB,0,4,rep
r001,3,R,b,,,,,,,AB,AB,AB,AB,AB,BA,BA,BA,BA,AA,AA,BB,BB,0,1,rep
r001,2,C,f,,,,A,B,B,B,B,B,B,B,B,,,,A,A,B,B,0,2,rep
r001,2,L,a,A,A,A,A,A,A,A,A,B,,,,,,,A,A,B,B,0,3,rep
r002,3,C,m,,,,AB,XY,XY,XY,XY,XY,XY,XY,BA,,,,AA,AA,BB,BB,0,4,rep
r002,3,R,b,,,,,,,AY,AY,XY,XY,XY,XY,XY,BA,BA,AA,AA,BB,BB,0,1,rep
r002,2,C,f,,,,X,X,X,X,X,X,X,B,B,,,,A,A,B,B,0,2,rep
r002,2,L,a,A,A,A,A,A,X,X,X,X,,,,,,,A,A,B,B,0,3,rep
r003,3,C,m,,,,BA,BA,BA,BA,BA,BA,BA,BA,BA,,,,AA,AA,BB,BB,0,4,rep
r003,2,L,a,A,A,X,X,X,X,X,X,X,,,,,,,A,A,B,B,0,3,rep
r003,3,R,b,,,,,,,BA,BA,BA,BA,BA,BA,BA,BA,BA,AA,AA,BB,BB,0,1,rep
r003,2,C,f,,,,X,X,X,X,X,X,B,B,B,,,,A,A,B,B,0,2,rep
r004,2,R,m,,,,,,,X,B,X,X,X,X,X,B,B,A,A,B,B,0,4,rep
r004,3,C,f,,,,AB,AB,AA,AA,AA,AB,BA,BA,BA,,,,AA,AB,BA,BA,0,1,rep
r004,2,C,b,,,,X,X,X,X,X,B,B,B,B,,,,A,A,B,B,0,2,rep
r004,3,L,a,AB,AB,AB,AB,AB,AB,AB,BA,BA,,,,,,,AA,AA,BB,BB,0,3,rep
r005,3,C,m,,,,AB,BY,BY,BY,BY,BY,BY,BA,BA,,,,AY,AY,BB,BB,0,4,rep
r005,2,L,a,A,A,A,A,X,X,X,X,X,,,,,,,A,A,B,B,0,3,rep
r005,3,R,b,,,,,,,AB,AY,AY,AY,AY,BY,BA,BY,BA,AA,AA,BB,BB,0,1,rep
r005,2,C,f,,,,X,X,X,X,B,X,B,B,B,,,,A,A,B,B,0,2,rep
r006,2,R,b,,,,,,,B,B,B,B,B,B,B,B,B,A,A,B,B,0,4,rep
r006,3,L,f,AB,AB,AB,AB,AB,AB,AB,AB,XY,,,,,,,AA,AA,BB,BB,0,1,rep
r006,2,L,m,A,X,X,X,X,X,X,X,B,,,,,,,A,A,B,B,0,2,rep
r006,3,C,a,,,,XY,XY,XY,XY,XY,XY,XY,XY,BA,,,,AA,AA,BB,BB,0,3,rep
r007,3,L,m,AB,AB,AA,AA,AA,BA,AA,AB,AB,,,,,,,AA,AA,BB,BB,0,4,rep
r007,2,C,a,,,,A,A,B,B,B,A,A,B,B,,,,A,A,B,B,0,3,rep
r007,3,R,f,,,,,,,AA,AB,AB,AA,AA,AB,AB,BA,BA,AA,AB,BB,BB,0,1,rep
r007,2,L,b,A,A,B,B,B,B,B,A,B,,,,,,,A,A,B,B,0,2,rep
r008,2,R,b,,,,,,,B,B,B,B,B,B,B,B,B,A,A,B,B,0,4,rep
r008,3,L,f,AB,AB,AB,AB,AB,AB,AB,AB,BA,,,,,,,AA,AA,BB,BA,0,1,rep
r008,2,L,m,A,A,A,X,A,X,X,A,B,,,,,,,A,A,B,B,0,2,rep
r008,3,C,a,,,,AB,AB,AB,AB,AB,AB,AB,BA,BA,,,,AA,AA,BB,BB,0,3,rep
r009,2,R,m,,,,,,,X,X,X,X,B,B,X,B,B,A,A,B,B,0,4,rep
r009,3,L,a,AB,AB,XY,XY,XY,XY,XY,XY,XY,,,,,,,AA,AA,BB,BB,0,3,rep
r009,3,C,f,,,,AB,AB,AB,AB,AB,AB,AB,BA,BA,,,,AA,AA,BB,BB,0,1,rep
r009,2,C,b,,,,A,B,B,B,B,B,B,B,B,,,,A,A,B,B,0,2,rep
r010,3,C,m,,,,BY,BY,BY,BY,BY,BY,BY,BY,BY,,,,AB,AB,BB,BB,0,2,rep
r010,2,C,f,,,,A,A,A,A,A,A,A,A,B,,,,X,A,B,B,1,1,rep
r010,3,R,b,,,,,,,AB,AB,AB,AB,BA,BA,BA,BA,BA,AA,AA,BB,BB,0,3,rep
r010,2,L,a,B,B,B,B,B,B,B,B,B,,,,,,,A,A,B,B,0,4,rep
r011,3,C,m,,,,XY,XY,XY,XY,XY,XY,BA,BA,BA,,,,AB,AA,BB,BA,0,2,rep
r011,2,C,f,,,,A,A,A,A,B,X,X,X,X,,,,A,A,B,B,0,1,rep
r011,3,R,b,,,,,,,AB,BA,BA,BA,BA,BA,BA,BA,BB,AA,AA,BB,BB,0,3,rep
r011,2,L,a,A,A,A,A,A,A,A,A,A,,,,,,,A,A,B,B,0,4,rep
r012,3,C,b,,,,XY,XY,AY,AY,BA,BA,BA,BA,BA,,,,AA,AA,BB,BY,0,2,rep
r012,2,L,f,A,A,A,A,A,A,A,A,A,,,,,,,A,A,B,B,0,1,rep
r012,3,R,m,,,,,,,BA,BA,BA,BA,BA,BA,BA,BA,BA,AA,AA,BB,BB,0,3,rep
r012,2,R,a,,,,,,,B,B,B,B,B,B,B,B,B,A,A,B,B,0,4,rep
r013,2,R,b,,,,,,,B,B,B,B,B,B,B,B,B,A,A,B,B,0,4,rep
r013,3,L,f,BA,AB,AB,AB,AB,AB,AB,AB,AB,,,,,,,AA,AA,BA,BB,0,1,rep
r013,2,L,m,A,A,A,A,A,B,B,B,B,,,,,,,A,A,B,B,0,2,rep
r013,3,C,a,,,,AB,AB,AB,AB,AB,BA,BA,BA,BA,,,,AA,AA,BB,BB,0,3,rep
r014,3,L,m,AB,AB,AB,BA,AB,BA,BA,BA,BA,,,,,,,AA,AA,BB,BB,0,4,rep
r014,2,C,a,,,,A,A,A,A,A,A,A,B,B,,,,A,A,B,B,0,3,rep
r014,3,R,f,,,,,,,AB,XY,XY,XY,XY,XY,XY,BA,BA,AA,AA,BB,BB,0,1,rep
r014,2,L,b,A,A,A,B,B,B,B,B,B,,,,,,,A,A,B,B,0,2,rep
r015,2,R,f,,,,,,,A,B,B,B,B,B,B,B,B,A,A,B,B,0,4,rep
r015,3,L,b,AB,AB,AB,AB,AB,AB,AB,AY,AY,,,,,,,AA,AA,BB,BB,0,1,rep
r015,2,C,m,,,,A,A,B,B,B,B,B,B,B,,,,A,A,B,X,1,2,rep
r015,3,R,a,,,,,,,XY,XY,XY,XY,XY,BA,XY,XY,BA,AA,AA,BB,BB,0,3,rep
r016,3,C,b,,,,AY,AY,AY,XY,XY,XY,XY,XY,XY,,,,AA,AB,BB,BY,0,4,rep
r016,3,R,m,,,,,,,AY,XY,AY,XY,XY,XY,BY,BA,BY,AA,AA,BB,BY,0,1,rep
r016,2,L,f,X,X,X,X,X,X,X,B,X,,,,,,,A,A,B,B,0,2,rep
r016,2,R,a,,,,,,,X,X,X,X,X,X,X,B,B,A,A,B,B,0,3,rep
r018,2,R,m,,,,,,,B,B,B,B,B,B,B,B,B,A,A,B,B,0,4,rep
r018,3,C,f,,,,AB,AB,AB,AB,AB,AB,AB,XY,XY,,,,AA,AA,BB,BB,0,1,rep
r018,2,C,b,,,,X,X,X,X,B,B,B,B,B,,,,A,A,B,B,0,2,rep
r018,3,L,a,AB,AB,AB,AB,XY,XY,XY,XY,XY,,,,,,,AA,AA,BB,BB,0,3,rep
r019,3,L,m,AB,BY,BY,BY,BY,BY,BY,BY,BY,,,,,,,AA,AA,BB,BB,0,4,rep
r019,2,C,a,,,,A,A,A,A,A,A,A,A,A,,,,A,A,B,B,0,3,rep
r019,3,R,f,,,,,,,AY,AY,AY,AY,XY,XY,BA,BA,BA,AA,AA,BB,BB,0,1,rep
r019,2,L,b,A,A,A,A,X,B,B,B,B,,,,,,,A,A,B,B,0,2,rep
r020,3,C,b,,,,AB,BA,BA,BA,BA,BA,BA,BA,BA,,,,AA,AB,BB,BB,0,4,rep
r020,3,R,m,,,,,,,BA,BA,BA,BA,BA,BA,BA,BA,BB,AA,AA,BB,BB,0,1,rep
r020,2,L,f,A,A,A,A,A,A,A,B,B,,,,,,,A,A,B,B,0,2,rep
r020,2,R,a,,,,,,,X,X,X,X,B,B,B,B,B,A,A,B,B,0,3,rep
r021,2,R,m,,,,,,,B,B,B,B,B,B,B,B,B,A,A,B,B,0,4,rep
r021,3,C,f,,,,AB,AB,AB,AB,AB,XY,XY,XY,XY,,,,AA,AA,BB,BB,0,1,rep
r021,2,C,b,,,,X,X,X,X,B,B,B,B,B,,,,A,A,B,B,0,2,rep
r021,3,L,a,AB,AB,AB,AB,AB,AB,AB,AB,AB,,,,,,,AA,AA,BB,BB,0,3,rep
r022,2,R,f,,,,,,,B,B,B,B,B,B,B,B,B,A,A,B,B,0,4,rep
r022,3,L,b,AB,AB,AB,AY,AY,AY,AY,AY,AY,,,,,,,AA,AA,BB,BB,0,1,rep
r022,2,C,m,,,,A,X,B,B,B,B,B,B,B,,,,A,A,B,B,0,2,rep
r022,3,R,a,,,,,,,AY,AY,AY,BY,BY,BY,BA,BA,BA,AA,AA,BB,BB,0,3,rep
r023,3,C,m,,,,BA,BA,BA,BA,BA,BA,BA,BA,BA,,,,AA,AA,BB,BB,0,4,rep
r023,3,R,b,,,,,,,AB,AB,AB,AB,XY,BA,BA,BA,BA,AA,AA,BB,BB,0,1,rep
r023,2,C,f,,,,X,X,X,B,B,B,B,B,B,,,,A,A,B,B,0,2,rep
r023,2,L,a,A,A,A,X,X,X,X,X,B,,,,,,,A,A,B,B,0,3,rep
r024,2,R,b,,,,,,,B,B,B,B,B,B,B,B,B,A,A,B,B,0,4,rep
r024,3,L,f,AB,AB,AB,AB,AB,AB,AB,AB,AB,,,,,,,AA,AA,BB,BB,0,1,rep
r024,2,L,m,A,X,X,X,X,X,X,X,B,,,,,,,A,A,B,B,0,2,rep
r024,3,C,a,,,,AB,AB,AB,AB,AB,AB,AB,XY,XY,,,,AA,AA,BB,BB,0,3,rep
r025,3,L,m,AB,AB,AB,AB,AA,AB,AB,BA,BA,,,,,,,AA,AA,BB,BB,0,4,rep
r025,3,R,f,,,,,,,BA,BA,BA,BA,BA,BA,BA,BA,BA,AA,AA,BB,BB,0,1,rep
r025,2,L,b,A,A,A,A,B,B,B,B,B,,,,,,,A,A,B,B,0,2,rep
r025,2,C,a,,,,A,A,A,A,A,B,B,B,B,,,,A,A,B,B,0,3,rep
r026,3,C,b,,,,XY,XY,XY,XY,XY,XY,XY,XY,XY,,,,AA,AA,BB,BY,0,4,rep
r026,3,R,m,,,,,,,AB,AY,AY,XY,XY,XY,XY,BY,BY,AA,AA,BA,BB,0,1,rep
r026,2,L,f,A,A,X,X,X,X,X,X,X,,,,,,,A,A,B,B,0,2,rep
r026,2,R,a,,,,,,,X,X,X,X,X,B,B,B,B,A,A,B,B,0,3,rep
r027,2,R,m,,,,,,,B,B,B,B,B,B,B,B,B,A,A,B,B,0,4,rep
r027,3,L,a,XY,XY,XY,XY,XY,XY,XY,XY,XY,,,,,,,AA,AA,BB,BB,0,3,rep
r027,3,C,f,,,,XY,XY,XY,XY,XY,XY,XY,XY,XY,,,,AA,AA,BA,BB,0,1,rep
r027,2,C,b,,,,X,X,X,X,X,X,X,B,B,,,,A,A,B,B,0,2,rep
r028,3,C,m,,,,BA,BA,BA,BA,BA,BA,BA,BA,BA,,,,AB,AB,BB,BY,0,4,rep
r028,3,R,b,,,,,,,AY,XY,XY,XY,XY,XY,XY,BA,BA,BY,AA,BB,BB,1,1,rep
r028,2,C,f,,,,X,X,X,X,X,B,B,B,B,,,,A,A,B,B,0,2,rep
r028,2,L,a,A,A,A,A,A,A,A,A,A,,,,,,,A,A,B,B,0,3,rep
r029,3,C,b,,,,AY,AY,AY,AY,BY,BY,BY,BY,BA,,,,AA,AA,XY,XY,2,2,rep
r029,2,L,f,A,A,A,A,A,A,A,A,A,,,,,,,A,A,B,B,0,1,rep
r029,3,R,m,,,,,,,BY,BY,BY,BY,BY,BY,BY,BY,BA,AY,AA,BB,BB,0,3,rep
r029,2,R,a,,,,,,,B,B,B,B,B,B,B,B,B,A,A,B,B,0,4,rep
r030,2,R,b,,,,,,,B,B,B,B,B,B,B,B,B,A,A,B,X,1,4,rep
r030,3,L,f,AB,AB,AB,AB,AB,AB,AB,AB,AB,,,,,,,AA,AA,BB,BB,0,1,rep
r030,2,L,m,X,X,X,X,X,X,X,B,B,,,,,,,A,A,B,B,0,2,rep
r030,3,C,a,,,,AY,AY,AY,AY,AY,AY,AY,AY,AY,,,,AA,AA,BB,BB,0,3,rep
r031,2,R,m,,,,,,,B,B,B,B,B,B,B,B,B,A,A,B,B,0,4,rep
r031,3,C,f,,,,AB,AB,AB,AB,AB,AB,AB,XY,XY,,,,AA,AA,BB,BB,0,1,rep
r031,2,C,b,,,,A,X,X,B,B,B,B,B,B,,,,A,A,B,B,0,3,rep
r031,3,L,a,AB,AB,AB,AB,BY,BY,BY,BY,BY,,,,,,,AA,AA,BB,BB,0,2,rep
r032,3,L,b,AY,XY,XY,XY,XY,AY,AY,BY,BY,,,,,,,AY,BY,BB,BB,1,3,rep
r032,3,R,a,,,,,,,AY,AY,AY,XY,XY,XY,BY,BY,BY,AA,AA,BB,BB,0,1,rep
r032,2,R,f,,,,,,,X,X,X,X,B,X,X,X,X,A,A,B,B,0,2,rep
r032,2,C,m,,,,X,X,X,X,X,X,X,X,X,,,,A,A,B,B,0,4,rep
r033,2,R,b,,,,,,,B,B,B,B,B,B,B,B,B,A,A,B,B,0,4,rep
r033,3,L,f,BA,AB,BA,AA,AB,BB,BA,AB,BA,,,,,,,AA,BB,AA,BB,2,1,rep
r033,2,L,m,X,X,X,X,X,X,X,X,X,,,,,,,A,A,B,B,0,2,rep
r033,3,C,a,,,,AB,BA,AB,BA,AB,BA,AB,BA,AB,,,,AA,AA,BB,BB,0,3,rep
r034,3,R,b,,,,,,,AB,AB,AB,AB,BA,BA,BA,BA,BA,XY,AA,BB,BB,1,1,rep
r034,2,L,a,A,A,A,A,A,B,B,B,B,,,,,,,A,A,B,B,0,4,rep
r034,2,C,f,,,,A,A,A,A,A,A,A,A,A,,,,A,A,B,B,0,2,rep
r034,3,C,m,,,,AB,AB,AB,BY,BY,BY,BY,BY,BY,,,,AA,AA,BB,BB,0,3,rep
r035,3,L,m,AY,AB,AY,AY,AY,AY,AY,AY,AY,,,,,,,AA,AA,BB,BY,0,4,rep
r035,3,R,f,,,,,,,AY,AY,BY,BY,BY,BY,BA,BA,BA,AA,AA,BB,BB,0,1,rep
r035,2,L,b,A,X,A,X,X,X,X,X,X,,,,,,,A,A,B,B,0,2,rep
r035,2,C,a,,,,X,X,X,X,X,X,X,X,X,,,,A,A,B,B,0,3,rep
r036,3,C,b,,,,XY,XY,XY,XY,XY,XY,XY,BA,XY,,,,AA,AA,BB,BB,0,4,rep
r036,3,R,m,,,,,,,AY,AY,AY,XY,XY,XY,XY,BA,BA,AA,AA,BB,BB,0,1,rep
r036,2,L,f,A,X,X,X,X,X,X,X,X,,,,,,,A,A,B,B,0,2,rep
r036,2,R,a,,,,,,,X,X,A,X,A,X,X,X,X,A,A,B,B,0,3,rep
r037,2,R,f,,,,,,,X,X,X,X,X,X,X,B,B,A,A,B,B,0,4,rep
r037,3,L,b,AB,AB,AB,XY,XY,XY,XY,XY,XY,,,,,,,AA,AA,BA,BA,0,1,rep
r037,2,C,m,,,,X,X,X,X,X,X,X,X,B,,,,A,A,B,B,0,2,rep
r037,3,R,a,,,,,,,AB,AB,AY,AY,AY,AY,AY,BA,BA,AA,AA,BB,BB,0,3,rep
r038,2,C,f,,,,A,A,A,A,A,B,B,B,B,,,,A,A,B,B,0,3,rep
r038,3,R,b,,,,,,,BA,BA,BA,BA,BA,BA,BA,BA,BA,AA,AB,BB,BB,0,4,rep
r038,3,C,m,,,,XY,XY,BY,BY,BY,BY,BY,BY,BA,,,,AA,AA,BB,BB,0,2,rep
r038,2,L,a,A,A,A,A,A,A,A,X,X,,,,,,,A,A,B,B,0,1,rep
r039,3,L,m,AB,AB,AY,AY,AY,AY,AY,AY,AY,,,,,,,AA,AA,BB,BY,0,4,rep
r039,3,R,f,,,,,,,AY,AY,AY,AY,XY,XY,BY,BY,BA,AA,AA,BB,BB,0,1,rep
r039,2,L,b,A,A,A,X,X,X,B,B,B,,,,,,,A,A,B,B,0,2,rep
r039,2,C,a,,,,X,X,X,X,X,X,X,X,X,,,,A,A,B,B,0,3,rep
r040,2,R,b,,,,,,,B,B,B,B,A,A,A,A,A,B,A,B,A,2,1,rep
r040,3,C,a,,,,AY,AY,AY,AY,BA,BA,BA,BA,BA,,,,AA,AA,BB,BB,0,4,rep
r040,3,L,f,AB,AB,AY,AY,AY,AY,AY,AY,AY,,,,,,,AA,AA,BB,BB,0,2,rep
r040,2,L,m,A,X,X,A,A,X,X,X,X,,,,,,,A,A,B,B,0,3,rep
r041,2,R,m,,,,,,,B,B,B,B,B,B,B,B,B,A,A,B,B,0,4,rep
r041,3,L,a,AY,AY,AY,XY,XY,XY,XY,XY,XY,,,,,,,AA,AA,BB,BB,0,3,rep
r041,3,C,f,,,,AY,AY,AY,AY,AY,XY,XY,XY,XY,,,,AA,AA,BB,BB,0,1,rep
r041,2,C,b,,,,X,X,B,B,B,B,B,B,B,,,,A,A,B,B,0,2,rep
r042,2,R,f,,,,,,,B,B,B,B,B,B,B,B,B,A,A,B,B,0,4,rep
r042,3,L,b,AB,AB,AB,AB,AB,AB,AB,XY,XY,,,,,,,XY,AA,BB,BB,1,1,rep
r042,2,C,m,,,,A,X,B,B,B,B,B,B,B,,,,A,A,B,B,0,2,rep
r042,3,R,a,,,,,,,AB,BA,BA,BA,BA,BA,BA,BA,BA,AA,AA,BB,BB,0,3,rep
r043,3,C,m,,,,XY,XY,XY,XY,XY,XY,XY,XY,XY,,,,AA,AA,BB,BB,0,2,rep
r043,2,C,f,,,,A,A,A,A,A,X,X,X,X,,,,X,A,X,B,2,1,rep
r043,3,R,b,,,,,,,AB,AB,AB,AB,AY,AY,AY,AY,BA,AA,AA,AY,BB,1,3,rep
r043,2,L,a,A,A,A,A,A,A,A,A,A,,,,,,,A,A,B,B,0,4,rep
r044,3,C,b,,,,BA,BA,BA,BA,BA,BA,BA,BA,BA,,,,AA,AA,BB,BB,0,4,rep
r044,3,R,m,,,,,,,AB,AB,AB,XY,XY,XY,XY,BA,BA,AA,AA,BB,BB,0,1,rep
r044,2,L,f,A,A,A,A,A,B,B,B,B,,,,,,,A,A,B,B,0,2,rep
r044,2,R,a,,,,,,,A,A,A,B,B,B,B,B,B,A,A,B,B,0,3,rep
r045,3,C,b,,,,AB,BY,AY,AY,BY,BY,BY,BY,BY,,,,AY,AA,BB,XY,1,4,rep
r045,2,R,a,,,,,,,X,X,X,X,X,X,X,X,B,A,A,B,B,0,3,rep
r045,3,R,m,,,,,,,AY,AY,AY,XY,XY,XY,BY,BY,BA,AA,AA,BB,BB,0,1,rep
r045,2,L,f,A,A,A,A,X,B,B,B,B,,,,,,,A,A,B,B,0,2,rep
r046,2,R,f,,,,,,,X,X,X,X,B,B,B,B,B,A,A,B,B,0,2,rep
r046,2,C,m,,,,A,A,A,A,A,A,A,X,X,,,,X,A,B,B,1,1,rep
r046,3,L,b,AB,AB,XY,XY,XY,AY,AY,XY,XY,,,,,,,AY,AA,BB,BB,0,3,rep
r046,3,R,a,,,,,,,BY,BY,BY,BY,BY,BY,BA,BA,BA,AA,AA,BB,BB,0,4,rep
r047,2,R,m,,,,,,,B,B,B,B,B,B,B,B,B,A,A,B,B,0,4,rep
r047,3,C,f,,,,AB,AB,AB,AB,AB,BA,BA,BA,BA,,,,AA,AA,BB,BB,0,1,rep
r047,2,C,b,,,,X,X,X,X,X,X,X,X,X,,,,A,A,B,B,0,2,rep
r047,3,L,a,AB,AY,AY,AY,AY,AY,AY,AY,AY,,,,,,,AA,AA,BB,BB,0,3,rep
r048,3,L,m,AB,AB,XY,AB,AB,XY,XY,XY,XY,,,,,,,AA,AA,BB,BB,0,4,rep
r048,3,R,f,,,,,,,AB,AB,AB,XY,XY,XY,XY,XY,BA,AA,AA,BA,BB,0,1,rep
r048,2,L,b,A,A,A,A,A,B,B,B,B,,,,,,,A,A,B,B,0,2,rep
r048,2,C,a,,,,A,A,A,A,B,B,B,B,B,,,,A,A,B,B,0,3,rep
r049,2,R,f,,,,,,,X,A,A,A,X,B,B,B,B,A,A,B,B,0,4,rep
r049,3,L,b,AB,AY,AB,AY,AY,AY,AY,AY,AB,,,,,,,XY,AA,BA,BB,1,1,rep
r049,2,C,m,,,,X,X,X,X,B,X,B,B,B,,,,A,A,B,B,0,2,rep
r049,3,R,a,,,,,,,AY,AY,AY,BA,AY,BA,BA,AY,BA,AA,AA,BB,BB,0,3,rep
r050,2,R,m,,,,,,,B,B,B,B,B,B,B,B,B,A,A,B,B,0,4,rep
r050,3,L,a,AB,AB,AB,AB,AB,AB,AB,AB,AB,,,,,,,AA,AA,BB,BB,0,3,rep
r050,3,C,f,,,,AB,AB,AB,AB,AB,AB,AY,AY,AY,,,,AA,AA,BB,BB,0,1,rep
r050,2,C,b,,,,X,X,X,X,B,B,B,B,B,,,,A,A,B,B,0,2,rep
r051,2,R,b,,,,,,,B,B,B,B,X,B,X,X,X,B,A,B,B,1,4,rep
r051,3,L,f,XY,AB,AB,AB,XY,XY,AA,AB,AB,,,,,,,AA,AA,XY,XY,2,1,rep
r051,2,L,m,A,A,A,X,X,X,B,B,B,,,,,,,A,A,B,B,0,2,rep
r051,3,C,a,,,,AB,BA,BA,BA,AB,BA,BA,BB,BA,,,,XY,XY,BA,BB,2,3,rep
r052,3,C,m,,,,AY,AY,AY,AY,AY,AY,AY,AY,AY,,,,AA,AB,BB,BY,0,4,rep
r052,3,R,b,,,,,,,BY,BY,BY,BY,BY,BY,BY,BA,BB,XY,AA,BB,BB,1,1,rep
r052,2,C,f,,,,X,X,X,X,X,X,B,B,B,,,,A,A,B,B,0,2,rep
r052,2,L,a,X,X,X,X,X,X,A,A,B,,,,,,,A,A,B,B,0,3,rep
r053,3,L,m,AB,AB,XY,XY,XY,XY,XY,XY,XY,,,,,,,AA,AA,BB,BB,0,2,rep
r053,2,L,b,A,A,A,A,A,A,A,A,A,,,,,,,A,A,B,B,0,1,rep
r053,3,R,f,,,,,,,XY,XY,XY,XY,XY,XY,XY,XY,BA,AA,AA,BB,BB,0,4,rep
r053,2,C,a,,,,X,X,X,X,X,X,X,X,X,,,,A,A,B,B,0,3,rep
r054,2,R,f,,,,,,,A,A,A,A,A,A,A,A,B,A,A,B,B,0,4,rep
r054,3,L,b,AB,AB,AY,AB,AY,AY,AY,AY,AY,,,,,,,XY,XY,BB,BB,2,1,rep
r054,2,C,m,,,,X,X,X,X,X,X,X,X,X,,,,A,A,B,B,0,3,rep
r054,3,R,a,,,,,,,XY,BY,BY,BY,BY,BY,BY,BA,BA,AA,AA,BB,BB,0,2,rep
r055,3,C,m,,,,AB,XY,XY,XY,XY,XY,XY,XY,XY,,,,AA,AB,BB,BY,0,4,rep
r055,2,L,a,A,A,A,A,A,A,A,A,A,,,,,,,A,A,B,B,0,3,rep
r055,3,R,b,,,,,,,AB,AB,AB,AB,BA,BA,BA,BA,BA,AA,AB,BB,BB,0,1,rep
r055,2,C,f,,,,X,X,X,X,X,X,X,X,B,,,,A,A,B,B,0,2,rep
r056,2,R,m,,,,,,,B,B,B,B,B,B,B,B,B,A,A,B,B,0,4,rep
r056,3,C,f,,,,AB,AB,AB,AB,AB,AB,AB,BA,BA,,,,AA,AA,BB,BB,0,1,rep
r056,2,C,b,,,,X,X,B,X,B,B,B,B,B,,,,A,A,B,B,0,2,rep
r056,3,L,a,AB,AY,AY,AY,AY,AY,AY,AY,AY,,,,,,,AA,AA,BB,BB,0,3,rep
r057,3,L,m,AY,AY,AY,AY,AY,AY,AY,AY,AY,,,,,,,AA,AB,BB,BY,0,4,rep
r057,2,C,a,,,,A,A,A,A,A,A,A,A,A,,,,A,A,B,B,0,3,rep
r057,3,R,f,,,,,,,XY,AY,XY,XY,XY,XY,XY,BA,BA,AA,AA,BB,BB,0,1,rep
r057,2,L,b,X,X,X,X,X,X,X,A,B,,,,,,,A,A,B,B,0,2,rep
r058,3,L,b,AB,AB,AB,BY,BY,BY,BY,BY,BY,,,,,,,AA,AA,BB,BB,0,3,rep
r058,3,R,a,,,,,,,AY,AY,XY,XY,XY,BY,BY,BA,BA,AA,AA,BA,BB,0,1,rep
r058,2,R,f,,,,,,,X,X,X,X,X,B,B,B,B,A,A,B,B,0,2,rep
r058,2,C,m,,,,B,B,B,B,B,B,B,B,B,,,,A,A,B,B,0,4,rep
r059,3,C,m,,,,XY,XY,XY,XY,XY,XY,XY,XY,XY,,,,AA,AA,BB,BY,0,4,rep
r059,2,L,a,A,A,A,A,A,A,A,A,A,,,,,,,A,A,B,B,0,3,rep
r059,3,R,b,,,,,,,AY,AY,AY,XY,XY,BY,BY,BA,BA,AA,AA,BA,BB,0,1,rep
r059,2,C,f,,,,X,X,B,B,B,B,B,B,B,,,,A,A,B,B,0,2,rep
r060,2,R,b,,,,,,,B,B,B,B,B,B,B,B,B,A,A,B,X,1,2,rep
r060,2,L,m,A,A,A,A,A,A,A,A,A,,,,,,,A,A,B,B,0,1,rep
r060,3,L,f,AB,AY,AY,AY,AY,AY,AY,AY,AY,,,,,,,AA,AA,BB,BB,0,3,rep
r060,3,C,a,,,,BY,BY,BY,BY,BY,BA,BA,BA,BA,,,,AA,AA,BB,BB,0,4,rep
r061,3,R,f,,,,,,,XY,XY,XY,XY,XY,XY,BA,BA,BA,AA,AA,BB,BB,0,3,rep
r061,2,C,a,,,,A,A,A,A,A,X,X,X,B,,,,A,A,B,B,0,1,rep
r061,3,L,m,AB,XY,XY,XY,XY,XY,BA,XY,BA,,,,,,,AB,AB,BB,BB,0,2,rep
r061,2,L,b,A,B,B,B,B,B,B,B,B,,,,,,,A,A,B,B,0,4,rep
r062,3,C,b,,,,BY,BY,BY,BY,BY,BY,BY,BY,BA,,,,AB,AB,BB,BB,0,4,rep
r062,3,R,m,,,,,,,AB,AY,AY,XY,XY,XY,BA,BA,BA,AA,AA,BA,BB,0,1,rep
r062,2,L,f,A,X,X,X,X,X,X,X,X,,,,,,,A,A,B,B,0,2,rep
r062,2,R,a,,,,,,,X,X,X,X,X,X,X,X,X,A,A,B,B,0,3,rep
r063,2,R,f,,,,,,,A,A,A,A,A,A,A,B,,A,A,B,B,0,4,rep
r063,3,R,a,,,,,,,XY,XY,XY,XY,BA,BA,BA,BA,BA,AA,AA,BB,BB,0,3,rep
r063,3,L,b,BB,AA,AB,AB,XY,XY,AB,AB,XY,,,,,,,AA,AA,AB,BB,1,1,rep
r063,2,C,m,,,,X,X,B,B,B,B,B,A,B,,,,A,A,B,B,0,2,rep
r064,3,C,f,,,,AY,AY,AY,AY,XY,XY,XY,XY,XY,,,,AA,AA,BA,BB,0,1,rep
r064,2,R,m,,,,,,,B,B,B,B,B,B,B,B,B,A,A,B,B,0,2,rep
r064,3,L,a,AB,AB,AY,AY,AY,AY,AY,AY,AY,,,,,,,AA,AA,BB,BB,0,3,rep
r064,2,C,b,,,,A,B,B,B,B,B,B,B,B,,,,A,A,B,B,0,4,rep
r065,2,R,b,,,,,,,B,B,B,B,B,B,B,B,B,A,A,B,B,0,4,rep
r065,3,L,f,AB,AB,AB,AB,AB,AB,AB,AB,AB,,,,,,,AA,AA,BA,BB,0,1,rep
r065,2,L,m,A,X,X,X,X,X,X,X,X,,,,,,,A,A,B,B,0,2,rep
r065,3,C,a,,,,XY,XY,XY,XY,XY,BA,BA,BA,BA,,,,AA,AA,BB,BB,0,3,rep
r066,3,C,f,,,,AY,AY,AY,AY,AY,BY,BY,BY,BY,,,,AA,AA,BB,BB,0,3,rep
r066,3,L,a,AB,AB,AY,AY,AY,AY,AY,XY,XY,,,,,,,AA,AA,BB,BB,0,1,rep
r066,2,R,m,,,,,,,B,B,B,B,B,B,B,B,B,A,A,B,B,0,2,rep
r066,2,C,b,,,,X,X,X,X,X,X,X,X,X,,,,A,A,B,B,0,4,rep
r067,2,R,f,,,,,,,X,X,X,X,X,X,X,X,B,A,A,B,B,0,2,rep
r067,2,C,m,,,,X,X,X,X,X,X,X,X,X,,,,A,A,B,B,0,1,rep
r067,3,L,b,AB,AB,XY,XY,AB,XY,XY,XY,XY,,,,,,,AA,AA,BB,BB,0,3,rep
r067,3,R,a,,,,,,,XY,XY,XY,XY,BA,BA,BA,BA,BA,AA,AB,BB,BB,0,4,rep
r068,3,C,m,,,,BY,BY,BY,BY,BY,BY,BY,BY,BY,,,,AA,AA,BB,BB,0,4,rep
r068,3,R,b,,,,,,,AY,AY,AY,AY,XY,XY,BY,BY,BA,AA,AA,BB,BB,0,1,rep
r068,2,C,f,,,,X,X,B,B,B,B,B,B,B,,,,A,A,B,B,0,2,rep
r068,2,L,a,A,A,A,A,X,X,X,X,X,,,,,,,A,A,B,B,0,3,rep
r069,2,R,b,,,,,,,B,B,B,B,B,B,B,B,B,A,A,B,B,0,4,rep
r069,3,L,f,AB,AB,AB,AB,AB,AB,AB,AB,AB,,,,,,,AA,AA,BB,BB,0,1,rep
r069,2,L,m,A,A,X,X,X,X,X,X,X,,,,,,,A,A,B,B,0,2,rep
r069,3,C,a,,,,XY,XY,XY,XY,XY,XY,XY,XY,XY,,,,AA,AA,BB,BB,0,3,rep
r070,3,C,b,,,,BA,BA,BA,BA,BA,BA,BA,BA,BA,,,,AB,AB,BB,BY,0,4,rep
r070,3,R,m,,,,,,,AB,XY,XY,XY,XY,XY,XY,BA,BA,AA,AA,BB,BB,0,1,rep
r070,2,L,f,A,A,A,A,A,A,A,A,B,,,,,,,A,A,B,B,0,2,rep
r070,2,R,a,,,,,,,X,X,X,X,X,X,X,B,B,A,A,B,B,0,3,rep
r071,2,R,b,,,,,,,A,B,B,B,B,B,B,B,B,A,A,B,B,0,4,rep
r071,3,L,f,BA,BA,BA,BB,AA,AA,AB,AB,AA,,,,,,,AA,AB,BB,BB,0,1,rep
r071,2,L,m,A,A,X,X,X,X,B,X,B,,,,,,,A,A,B,B,0,2,rep
r071,3,C,a,,,,XY,XY,XY,XY,XY,XY,XY,XY,XY,,,,AA,AA,BA,BA,0,3,rep
r072,3,C,b,,,,BA,BA,BA,BA,BA,BA,BA,BA,BA,,,,AA,AA,BB,BB,0,4,rep
r072,3,R,m,,,,,,,XY,XY,XY,XY,BA,XY,XY,BA,XY,AY,AA,BB,BB,0,1,rep
r072,2,L,f,X,X,X,X,X,X,X,X,X,,,,,,,A,A,B,B,0,2,rep
r072,2,R,a,,,,,,,A,A,A,A,A,A,A,B,B,A,A,B,B,0,3,rep
r073,2,R,m,,,,,,,X,X,X,X,B,X,X,B,B,A,A,B,X,1,2,rep
r073,2,C,b,,,,A,A,A,A,A,A,A,A,A,,,,A,A,B,B,0,1,rep
r073,3,C,f,,,,AY,AY,AY,AY,AY,AY,AY,AY,AY,,,,AA,AB,AY,BB,1,3,rep
r073,3,L,a,AB,AB,AB,AB,AB,AB,AB,AB,AB,,,,,,,AA,AA,BB,BB,0,4,rep
r074,3,L,m,AB,AB,AB,XY,AB,XY,XY,XY,XY,,,,,,,AA,AA,BB,BB,0,4,rep
r074,3,R,f,,,,,,,AY,AY,BY,BY,XY,BY,BA,BA,BA,AA,AA,BB,BB,0,1,rep
r074,2,L,b,A,A,X,X,X,X,X,X,X,,,,,,,A,A,B,B,0,2,rep
r074,2,C,a,,,,X,X,X,X,X,X,X,X,B,,,,A,A,B,B,0,3,rep
r075,3,C,m,,,,AY,XY,XY,XY,XY,XY,XY,XY,XY,,,,AA,AA,BB,BY,0,4,rep
r075,3,R,b,,,,,,,XY,XY,XY,XY,XY,XY,XY,BA,BA,AY,AA,BB,BB,0,1,rep
r075,2,C,f,,,,A,A,A,A,A,B,B,B,B,,,,A,A,B,X,1,2,rep
r075,2,L,a,A,X,X,X,X,X,X,X,X,,,,,,,A,A,B,B,0,3,rep
r076,2,R,b,,,,,,,B,B,B,B,B,B,B,B,B,A,A,X,X,2,4,rep
r076,3,L,f,BY,BY,AY,AY,XY,AA,XY,AB,XY,,,,,,,XY,AY,AY,BY,2,1,rep
r076,2,L,m,A,X,X,X,X,X,X,B,B,,,,,,,A,A,B,B,0,2,rep
r076,3,C,a,,,,XY,XY,XY,XY,XY,XY,XY,XY,XY,,,,AA,AA,BB,BB,0,3,rep
r077,2,R,f,,,,,,,B,B,B,B,B,B,B,B,B,A,A,B,B,0,4,rep
r077,3,R,a,,,,,,,BA,BA,BA,BA,BA,BA,BA,BA,BA,AA,AA,BB,BB,0,3,rep
r077,3,L,b,AB,AB,AY,AY,AY,AY,AY,AB,AB,,,,,,,AA,AA,BB,BB,0,1,rep
r077,2,C,m,,,,X,X,X,X,X,X,X,X,X,,,,A,A,B,B,0,2,rep
r078,2,R,f,,,,,,,A,A,A,B,A,A,A,A,B,A,A,B,B,0,4,rep
r078,3,R,a,,,,,,,BY,BY,BY,BY,BY,BA,BA,BA,BA,AA,AA,BB,BB,0,3,rep
r078,3,L,b,AB,AB,AY,AY,AY,AY,AY,AY,AY,,,,,,,AA,AA,BB,BB,0,1,rep
r078,2,C,m,,,,X,X,X,X,X,X,X,X,X,,,,A,A,B,B,0,2,rep
r079,3,L,m,AB,AB,BY,AY,AY,AY,BY,AY,AY,,,,,,,AA,XY,BB,BB,1,4,rep
r079,3,R,f,,,,,,,AY,AY,XY,XY,XY,XY,XY,XY,BA,AA,AA,BY,BY,0,1,rep
r079,2,L,b,A,A,A,A,X,B,B,B,B,,,,,,,A,A,B,B,0,2,rep
r079,2,C,a,,,,B,B,B,B,B,B,B,B,B,,,,A,A,B,B,0,3,rep
r080,2,R,m,,,,,,,B,B,B,B,B,B,B,B,B,A,A,B,B,0,4,rep
r080,3,L,a,AB,AB,AB,AB,AB,AB,AB,AB,AB,,,,,,,AA,AA,BB,BB,0,3,rep
r080,3,C,f,,,,BA,BB,AA,AB,AA,BA,AB,BB,BB,,,,BA,AB,BB,AA,2,1,rep
r080,2,C,b,,,,A,A,A,A,B,B,B,B,B,,,,A,A,B,B,0,2,rep
r081,3,L,m,AB,BY,BY,BY,AY,BY,BY,AY,AY,,,,,,,AA,XY,BB,BB,1,4,rep
r081,3,R,f,,,,,,,XY,AY,AY,AY,AY,AY,AY,BA,BA,AA,AA,BA,BB,0,1,rep
r081,2,L,b,A,X,X,X,X,X,X,X,X,,,,,,,A,A,B,B,0,2,rep
r081,2,C,a,,,,A,A,A,A,A,A,A,A,A,,,,A,A,B,X,1,3,rep
